punto_id,dataset_real,bloque_espacial,latitud,longitud,dia_juliano,s2_ndvi,s2_ndre,s2_b4_red,s2_b8_nir,uav_ndvi,uav_variabilidad,uav_canopia_pct,soil_arcilla_pct,soil_arena_pct,soil_materia_organica,soil_ph,soil_bulk_density,dosis_nitrogeno_kgha,dosis_fosforo_kgha,dosis_potasio_kgha,densidad_plantas_m2,apsim_rendimiento_sim,rendimiento_real_ton_ha
CHIS_P0001,CIMMYT Chiapas,CIMMYT Chiapas,16.238961,-93.28726,113,0.6049,0.518,0.0457,0.4351,0.6502,0.1059,65.55,30.16,41.5,3.09,6.68,1.29,150.4,48.7,90.0,6.16,8.58,6.72
CHIS_P0002,CIMMYT Chiapas,CIMMYT Chiapas,16.231341,-93.262972,126,0.7045,0.5776,0.0544,0.5046,0.7044,0.01,69.84,21.7,37.93,3.26,6.58,1.35,143.7,50.0,89.9,6.87,7.12,8.16
CHIS_P0003,CIMMYT Chiapas,CIMMYT Chiapas,16.240772,-93.279935,118,0.6502,0.5004,0.0226,0.414,0.7016,0.1002,71.03,28.09,38.69,4.24,6.01,1.23,159.8,53.7,86.1,7.61,7.97,7.73
CHIS_P0004,CIMMYT Chiapas,CIMMYT Chiapas,16.251276,-93.256896,133,0.7057,0.5228,0.0448,0.5716,0.764,0.0546,71.47,28.45,47.56,3.4,5.84,1.34,175.1,51.2,91.9,6.8,7.95,7.75
CHIS_P0005,CIMMYT Chiapas,CIMMYT Chiapas,16.23019,-93.277791,111,0.6457,0.5679,0.0525,0.539,0.7024,0.2308,72.05,24.96,46.91,3.23,6.19,1.35,126.9,39.2,99.9,6.72,8.32,7.58
CHIS_P0006,CIMMYT Chiapas,CIMMYT Chiapas,16.23019,-93.240751,117,0.5988,0.4685,0.0425,0.4565,0.6712,0.0293,65.13,30.81,44.74,3.94,5.65,1.27,156.7,61.0,79.6,6.66,8.37,7.67
CHIS_P0007,CIMMYT Chiapas,CIMMYT Chiapas,16.251951,-93.275749,124,0.6068,0.4736,0.0713,0.3943,0.6718,0.0701,71.75,25.47,37.08,4.23,6.24,1.17,152.6,46.4,82.1,6.73,7.98,8.05
CHIS_P0008,CIMMYT Chiapas,CIMMYT Chiapas,16.242209,-93.268831,116,0.6822,0.5315,0.0407,0.5477,0.7359,0.1882,68.24,26.44,40.58,4.02,6.11,1.25,165.1,56.9,86.4,7.35,7.69,7.29
CHIS_P0009,CIMMYT Chiapas,CIMMYT Chiapas,16.227366,-93.251797,136,0.6917,0.5445,0.0506,0.4743,0.7296,0.01,76.12,25.39,47.46,4.15,6.02,1.34,158.2,71.6,73.8,5.92,8.22,8.3
CHIS_P0010,CIMMYT Chiapas,CIMMYT Chiapas,16.239511,-93.282463,115,0.6393,0.495,0.0563,0.5419,0.6295,0.1938,61.12,26.05,42.64,3.36,5.7,1.28,143.7,47.6,80.2,7.41,8.61,7.35
CHIS_P0011,CIMMYT Chiapas,CIMMYT Chiapas,16.227439,-93.260588,110,0.7087,0.5385,0.0694,0.4003,0.7616,0.0815,70.84,22.16,52.44,3.06,6.29,1.23,150.2,34.8,84.3,6.23,7.96,7.42
CHIS_P0012,CIMMYT Chiapas,CIMMYT Chiapas,16.227411,-93.244393,124,0.6052,0.4584,0.0406,0.45,0.6515,0.01,60.85,20.96,43.77,4.38,6.0,1.25,143.1,52.7,100.5,6.69,7.6,6.91
CHIS_P0013,CIMMYT Chiapas,CIMMYT Chiapas,16.235904,-93.288112,132,0.677,0.5273,0.0666,0.4803,0.7252,0.0251,68.5,31.58,42.86,3.55,5.82,1.32,171.1,63.8,93.2,6.63,8.16,7.91
CHIS_P0014,CIMMYT Chiapas,CIMMYT Chiapas,16.210041,-93.26123,135,0.6255,0.4743,0.0551,0.4823,0.6272,0.0862,61.7,23.04,40.61,3.59,5.35,1.31,155.3,70.7,92.3,7.04,7.76,7.44
CHIS_P0015,CIMMYT Chiapas,CIMMYT Chiapas,16.212301,-93.260102,116,0.6507,0.4897,0.0452,0.4575,0.6582,0.01,65.02,22.53,42.6,4.3,6.14,1.27,183.5,45.2,100.2,6.16,6.92,8.14
CHIS_P0016,CIMMYT Chiapas,CIMMYT Chiapas,16.226253,-93.252273,134,0.6821,0.5347,0.0596,0.5111,0.7537,0.0611,70.35,18.46,41.31,3.95,6.65,1.26,154.1,59.0,88.4,6.98,8.12,7.31
CHIS_P0017,CIMMYT Chiapas,CIMMYT Chiapas,16.220846,-93.282554,126,0.6413,0.4938,0.057,0.4266,0.6801,0.0297,65.2,23.76,45.19,3.91,6.62,1.26,144.4,51.3,94.7,7.61,6.95,8.39
CHIS_P0018,CIMMYT Chiapas,CIMMYT Chiapas,16.236771,-93.283807,111,0.6627,0.5545,0.049,0.4729,0.7231,0.0679,76.92,21.37,46.31,4.67,6.02,1.23,132.3,54.2,88.8,6.25,8.15,7.86
CHIS_P0019,CIMMYT Chiapas,CIMMYT Chiapas,16.222104,-93.256171,136,0.7253,0.4994,0.0557,0.486,0.7661,0.01,79.6,31.75,38.46,3.41,5.98,1.36,128.0,76.2,93.2,6.88,7.46,7.4
CHIS_P0020,CIMMYT Chiapas,CIMMYT Chiapas,16.216052,-93.259545,118,0.654,0.5374,0.0511,0.5057,0.6949,0.1436,68.24,29.53,36.01,4.12,6.28,1.26,131.2,43.0,83.0,6.54,7.88,6.72
CHIS_P0021,CIMMYT Chiapas,CIMMYT Chiapas,16.250588,-93.260243,118,0.7176,0.5909,0.0561,0.5156,0.7858,0.2541,75.57,23.59,33.74,3.73,5.87,1.34,159.0,57.0,60.7,6.97,8.27,8.87
CHIS_P0022,CIMMYT Chiapas,CIMMYT Chiapas,16.230291,-93.258803,122,0.6292,0.4389,0.0616,0.4238,0.6537,0.2429,63.17,33.88,44.29,3.82,6.23,1.36,162.6,58.7,88.4,6.81,9.38,7.54
CHIS_P0023,CIMMYT Chiapas,CIMMYT Chiapas,16.23381,-93.2742,115,0.7038,0.5404,0.0709,0.4033,0.7467,0.0969,73.83,29.44,37.03,4.39,6.36,1.33,131.3,63.7,107.1,6.54,8.43,8.07
CHIS_P0024,CIMMYT Chiapas,CIMMYT Chiapas,16.215903,-93.260516,115,0.7449,0.5717,0.0426,0.5439,0.771,0.01,70.44,24.86,32.31,3.93,6.49,1.26,168.4,55.8,101.1,7.0,8.88,8.83
CHIS_P0025,CIMMYT Chiapas,CIMMYT Chiapas,16.226467,-93.259604,129,0.5688,0.4085,0.0763,0.4966,0.5957,0.0994,56.29,17.25,43.75,3.94,6.12,1.3,147.8,57.5,101.6,7.52,8.89,7.13
CHIS_P0026,CIMMYT Chiapas,CIMMYT Chiapas,16.234331,-93.274715,129,0.6441,0.483,0.0355,0.4426,0.6749,0.01,58.95,34.02,53.22,4.18,6.09,1.28,157.2,51.9,104.8,6.72,8.14,8.38
CHIS_P0027,CIMMYT Chiapas,CIMMYT Chiapas,16.219188,-93.236013,130,0.706,0.5229,0.0535,0.5576,0.7526,0.01,73.65,21.14,41.97,3.54,5.9,1.23,179.2,57.2,91.1,7.09,8.14,7.28
CHIS_P0028,CIMMYT Chiapas,CIMMYT Chiapas,16.237508,-93.256893,112,0.6709,0.5671,0.0609,0.4858,0.6965,0.0274,69.13,20.24,45.77,3.32,5.92,1.3,168.5,52.3,92.4,6.28,7.16,8.06
CHIS_P0029,CIMMYT Chiapas,CIMMYT Chiapas,16.225792,-93.28187,126,0.6967,0.5668,0.0578,0.539,0.7744,0.0469,72.65,29.58,42.37,3.23,6.09,1.22,151.0,60.0,82.6,6.42,7.92,8.46
CHIS_P0030,CIMMYT Chiapas,CIMMYT Chiapas,16.2295,-93.254152,126,0.6528,0.541,0.0488,0.4834,0.666,0.103,69.44,34.54,41.55,2.82,6.25,1.34,141.6,52.0,86.2,6.99,7.33,6.89
CHIS_P0031,CIMMYT Chiapas,CIMMYT Chiapas,16.22578,-93.27862,121,0.6839,0.5515,0.0529,0.583,0.7183,0.0805,64.67,30.84,46.14,4.63,6.41,1.26,122.7,58.0,97.4,7.39,7.64,8.46
CHIS_P0032,CIMMYT Chiapas,CIMMYT Chiapas,16.255227,-93.252194,125,0.673,0.4967,0.0501,0.5678,0.6998,0.0413,62.06,27.97,40.69,3.2,5.93,1.29,144.2,54.8,104.4,6.94,9.08,8.18
CHIS_P0033,CIMMYT Chiapas,CIMMYT Chiapas,16.232838,-93.246621,124,0.7326,0.5583,0.0491,0.4676,0.816,0.0224,79.12,28.08,43.2,3.6,6.57,1.29,151.8,64.0,88.3,6.67,8.15,7.99
CHIS_P0034,CIMMYT Chiapas,CIMMYT Chiapas,16.220307,-93.27631,122,0.6914,0.5516,0.0635,0.5286,0.7373,0.32,74.45,28.99,43.45,3.58,6.07,1.27,140.2,54.6,84.6,6.8,7.36,7.57
CHIS_P0035,CIMMYT Chiapas,CIMMYT Chiapas,16.242871,-93.249549,132,0.6952,0.5117,0.0586,0.5123,0.7661,0.0389,79.44,28.66,38.99,3.84,6.14,1.31,153.0,40.8,90.0,6.3,8.88,7.65
CHIS_P0036,CIMMYT Chiapas,CIMMYT Chiapas,16.21835,-93.257808,110,0.6615,0.5338,0.0481,0.5484,0.6569,0.042,61.46,26.98,46.46,4.07,5.94,1.26,156.2,65.1,97.2,7.04,8.41,7.68
CHIS_P0037,CIMMYT Chiapas,CIMMYT Chiapas,16.235506,-93.251669,126,0.6581,0.5073,0.064,0.4318,0.7061,0.0125,71.56,26.36,41.21,4.09,5.47,1.32,151.6,47.8,72.7,7.15,8.53,7.58
CHIS_P0038,CIMMYT Chiapas,CIMMYT Chiapas,16.209484,-93.235548,112,0.6605,0.5058,0.0581,0.5143,0.7272,0.1109,69.68,25.78,38.6,3.44,6.4,1.21,145.2,49.8,62.4,6.62,6.61,7.24
CHIS_P0039,CIMMYT Chiapas,CIMMYT Chiapas,16.217062,-93.267681,135,0.6978,0.562,0.0631,0.5329,0.7402,0.0828,70.46,23.36,44.41,3.62,6.36,1.29,157.5,50.2,83.4,6.61,9.2,8.49
CHIS_P0040,CIMMYT Chiapas,CIMMYT Chiapas,16.235362,-93.275306,124,0.6611,0.5267,0.0613,0.3921,0.733,0.0175,73.46,25.02,37.96,3.83,6.07,1.38,161.6,66.0,75.4,6.91,7.56,7.72
CHIS_P0041,CIMMYT Chiapas,CIMMYT Chiapas,16.241862,-93.277343,113,0.693,0.5315,0.0467,0.4208,0.7175,0.01,71.17,20.07,42.13,3.59,6.17,1.23,138.6,37.9,83.9,6.63,8.4,7.73
CHIS_P0042,CIMMYT Chiapas,CIMMYT Chiapas,16.235056,-93.276237,113,0.7734,0.6322,0.0494,0.378,0.8557,0.0799,76.63,25.66,41.96,4.42,6.29,1.25,176.2,80.1,88.2,6.77,9.78,9.02
CHIS_P0043,CIMMYT Chiapas,CIMMYT Chiapas,16.231612,-93.265157,127,0.7192,0.5339,0.0625,0.4665,0.8282,0.0744,84.67,22.54,46.89,3.92,5.71,1.31,153.5,63.4,84.6,7.64,9.5,8.9
CHIS_P0044,CIMMYT Chiapas,CIMMYT Chiapas,16.229387,-93.258883,126,0.6653,0.5344,0.0611,0.5159,0.6944,0.0223,71.5,22.14,44.14,4.03,6.0,1.29,155.3,56.8,107.4,6.7,7.22,7.76
CHIS_P0045,CIMMYT Chiapas,CIMMYT Chiapas,16.215258,-93.25985,128,0.7341,0.5874,0.0548,0.5551,0.7607,0.2109,70.84,26.63,41.89,4.0,6.37,1.3,165.6,54.6,93.9,6.66,7.03,8.51
CHIS_P0046,CIMMYT Chiapas,CIMMYT Chiapas,16.224362,-93.251592,120,0.6616,0.5083,0.0562,0.4837,0.7452,0.0115,72.93,30.87,45.68,4.23,5.8,1.3,158.5,57.3,93.6,6.54,8.88,8.56
CHIS_P0047,CIMMYT Chiapas,CIMMYT Chiapas,16.227472,-93.263805,129,0.5883,0.467,0.0678,0.5614,0.6757,0.0396,66.59,29.21,48.26,3.78,6.23,1.31,169.3,59.2,97.5,7.1,7.91,8.53
CHIS_P0048,CIMMYT Chiapas,CIMMYT Chiapas,16.245685,-93.242197,112,0.6346,0.4637,0.0491,0.411,0.659,0.2013,64.17,20.5,44.51,3.12,5.77,1.34,159.3,60.2,76.3,6.73,7.46,7.15
CHIS_P0049,CIMMYT Chiapas,CIMMYT Chiapas,16.237123,-93.26797,117,0.5958,0.4878,0.0605,0.3948,0.6232,0.0381,57.9,22.54,42.05,3.88,6.28,1.3,145.8,59.4,102.5,6.54,8.13,7.28
CHIS_P0050,CIMMYT Chiapas,CIMMYT Chiapas,16.211844,-93.223197,123,0.6642,0.5134,0.053,0.4772,0.6957,0.0712,64.44,29.29,36.1,3.41,6.14,1.27,160.4,55.7,89.1,7.33,7.75,7.26
CHIS_P0051,CIMMYT Chiapas,CIMMYT Chiapas,16.236889,-93.254615,135,0.6808,0.518,0.0528,0.4992,0.6805,0.0355,65.24,22.56,37.21,3.46,5.7,1.31,137.8,53.4,98.0,7.37,8.28,8.37
CHIS_P0052,CIMMYT Chiapas,CIMMYT Chiapas,16.228379,-93.276857,110,0.7554,0.6155,0.066,0.4784,0.7679,0.0224,77.82,25.21,40.63,3.96,6.48,1.37,156.6,53.8,77.1,6.56,8.03,8.87
CHIS_P0053,CIMMYT Chiapas,CIMMYT Chiapas,16.224877,-93.280063,123,0.6947,0.5243,0.0633,0.3766,0.7046,0.2894,69.54,27.93,39.26,4.26,5.94,1.27,154.5,53.4,71.4,6.05,8.34,8.08
CHIS_P0054,CIMMYT Chiapas,CIMMYT Chiapas,16.24034,-93.256763,111,0.6701,0.4875,0.0631,0.4755,0.6871,0.0369,64.67,22.61,41.16,3.71,5.92,1.23,151.9,64.1,99.8,7.2,7.26,8.52
CHIS_P0055,CIMMYT Chiapas,CIMMYT Chiapas,16.245372,-93.267352,132,0.7173,0.5206,0.0681,0.4148,0.7563,0.1572,75.3,26.37,42.25,3.84,6.21,1.34,153.1,59.7,94.5,6.53,8.89,7.98
CHIS_P0056,CIMMYT Chiapas,CIMMYT Chiapas,16.244175,-93.25329,113,0.5805,0.4679,0.0552,0.5135,0.6275,0.0183,50.27,21.33,44.38,4.47,6.47,1.27,126.8,31.5,79.2,7.12,8.19,7.91
CHIS_P0057,CIMMYT Chiapas,CIMMYT Chiapas,16.222929,-93.256901,133,0.6906,0.5067,0.0618,0.4983,0.7771,0.0168,78.62,23.9,41.68,3.81,5.87,1.17,146.8,60.2,79.6,6.01,8.42,7.96
CHIS_P0058,CIMMYT Chiapas,CIMMYT Chiapas,16.229289,-93.265092,136,0.7147,0.6013,0.0519,0.433,0.7247,0.01,63.49,27.12,44.19,4.87,6.17,1.32,156.4,56.6,103.5,7.16,7.18,8.75
CHIS_P0059,CIMMYT Chiapas,CIMMYT Chiapas,16.236975,-93.276702,128,0.6135,0.4265,0.0582,0.4543,0.683,0.0738,64.3,20.42,42.29,3.95,6.27,1.25,157.4,54.9,75.7,6.32,8.94,7.94
CHIS_P0060,CIMMYT Chiapas,CIMMYT Chiapas,16.244707,-93.286723,115,0.7315,0.613,0.0537,0.427,0.765,0.0322,69.53,27.54,33.11,2.91,6.34,1.28,139.6,51.9,109.7,7.09,7.97,7.35
CHIS_P0061,CIMMYT Chiapas,CIMMYT Chiapas,16.22725,-93.270698,134,0.6952,0.5476,0.056,0.4769,0.7337,0.1398,65.91,25.93,37.77,4.04,6.2,1.3,174.0,64.0,79.2,6.81,8.4,8.81
CHIS_P0062,CIMMYT Chiapas,CIMMYT Chiapas,16.230772,-93.251154,110,0.6613,0.5134,0.061,0.5278,0.7216,0.0449,73.33,27.93,41.35,3.87,6.05,1.29,142.0,62.6,97.7,6.42,7.69,8.1
CHIS_P0063,CIMMYT Chiapas,CIMMYT Chiapas,16.219724,-93.260789,126,0.7085,0.539,0.0468,0.4307,0.7148,0.2414,66.98,26.78,36.56,4.28,5.92,1.32,169.5,48.8,86.1,6.64,8.06,8.77
CHIS_P0064,CIMMYT Chiapas,CIMMYT Chiapas,16.218646,-93.282686,117,0.7822,0.6201,0.0759,0.5052,0.8337,0.0144,81.24,30.77,44.7,4.0,6.17,1.26,161.4,58.3,97.2,7.07,8.3,8.67
CHIS_P0065,CIMMYT Chiapas,CIMMYT Chiapas,16.24275,-93.261402,128,0.6882,0.5358,0.0449,0.4535,0.7332,0.1421,70.22,26.44,48.89,3.64,5.85,1.31,145.3,47.2,83.5,6.84,6.09,7.38
CHIS_P0066,CIMMYT Chiapas,CIMMYT Chiapas,16.249275,-93.25822,130,0.6912,0.5667,0.0429,0.4404,0.7459,0.1049,73.28,24.5,47.48,3.15,5.33,1.27,181.6,44.0,88.0,7.03,8.33,8.72
CHIS_P0067,CIMMYT Chiapas,CIMMYT Chiapas,16.232136,-93.277258,110,0.6593,0.5171,0.0666,0.4746,0.708,0.1032,68.24,26.43,41.04,3.61,6.27,1.32,137.1,50.0,90.5,7.59,9.16,7.46
CHIS_P0068,CIMMYT Chiapas,CIMMYT Chiapas,16.245042,-93.261694,114,0.6418,0.5043,0.0629,0.4282,0.7554,0.1304,68.03,27.9,48.71,3.32,6.4,1.31,168.8,61.9,78.0,6.17,8.31,8.08
CHIS_P0069,CIMMYT Chiapas,CIMMYT Chiapas,16.23734,-93.263127,136,0.7174,0.5505,0.0612,0.4523,0.7382,0.1002,74.36,26.17,42.67,3.44,5.49,1.23,170.0,62.6,98.9,7.45,7.31,8.24
CHIS_P0070,CIMMYT Chiapas,CIMMYT Chiapas,16.225259,-93.281145,125,0.6415,0.4989,0.0613,0.4201,0.6655,0.0689,62.16,26.14,40.48,3.96,5.87,1.33,144.9,59.1,83.8,6.84,8.22,7.84
CHIS_P0071,CIMMYT Chiapas,CIMMYT Chiapas,16.237337,-93.258633,115,0.6832,0.5406,0.0549,0.5782,0.7045,0.01,62.19,23.54,39.24,4.45,6.32,1.25,175.9,60.8,87.3,6.44,8.56,8.87
CHIS_P0072,CIMMYT Chiapas,CIMMYT Chiapas,16.251456,-93.255588,117,0.6585,0.4709,0.046,0.4818,0.6818,0.01,63.96,23.68,40.64,3.88,6.73,1.32,151.2,59.1,78.1,6.27,8.16,8.21
CHIS_P0073,CIMMYT Chiapas,CIMMYT Chiapas,16.23257,-93.247754,122,0.7016,0.5135,0.0558,0.445,0.7224,0.1775,74.61,21.09,40.25,3.16,6.16,1.3,159.3,49.9,59.3,6.72,7.86,7.56
CHIS_P0074,CIMMYT Chiapas,CIMMYT Chiapas,16.251776,-93.248193,125,0.695,0.5607,0.0482,0.4907,0.7707,0.0671,76.96,32.12,42.77,3.9,5.95,1.37,158.9,58.5,87.7,7.17,7.83,8.89
CHIS_P0075,CIMMYT Chiapas,CIMMYT Chiapas,16.201563,-93.284665,112,0.7267,0.5711,0.0648,0.4744,0.8093,0.1115,76.47,21.65,42.72,4.24,6.1,1.27,153.0,61.4,119.0,6.75,7.9,8.31
CHIS_P0076,CIMMYT Chiapas,CIMMYT Chiapas,16.242863,-93.278067,128,0.657,0.5079,0.0535,0.469,0.6799,0.046,64.05,23.57,42.01,3.43,6.53,1.26,167.2,61.0,99.4,7.4,8.28,7.9
CHIS_P0077,CIMMYT Chiapas,CIMMYT Chiapas,16.234045,-93.256274,121,0.6679,0.5214,0.0467,0.5107,0.6829,0.01,64.43,23.49,43.97,3.64,5.97,1.28,166.9,64.5,89.8,6.22,6.92,7.71
CHIS_P0078,CIMMYT Chiapas,CIMMYT Chiapas,16.229412,-93.256293,125,0.636,0.5047,0.0518,0.5179,0.6901,0.01,73.52,29.13,47.36,3.71,5.93,1.26,128.8,60.7,86.8,6.8,7.6,7.16
CHIS_P0079,CIMMYT Chiapas,CIMMYT Chiapas,16.234101,-93.256274,136,0.66,0.5013,0.0591,0.4535,0.6834,0.081,66.95,24.97,46.27,3.35,6.01,1.32,174.6,57.8,90.3,6.3,8.87,8.24
CHIS_P0080,CIMMYT Chiapas,CIMMYT Chiapas,16.209149,-93.206209,120,0.697,0.5242,0.0494,0.4512,0.756,0.0394,74.08,30.37,35.32,3.99,5.88,1.2,130.1,63.6,96.6,6.95,9.03,9.15
CHIS_P0081,CIMMYT Chiapas,CIMMYT Chiapas,16.230364,-93.255437,119,0.7141,0.5619,0.0468,0.4662,0.7602,0.0157,76.58,23.64,30.51,3.65,6.18,1.23,170.5,54.8,75.8,7.15,7.01,8.04
CHIS_P0082,CIMMYT Chiapas,CIMMYT Chiapas,16.237285,-93.246967,134,0.6385,0.4736,0.0574,0.3649,0.633,0.0474,61.61,26.98,46.2,3.89,6.6,1.23,171.9,47.9,103.4,6.63,7.01,8.39
CHIS_P0083,CIMMYT Chiapas,CIMMYT Chiapas,16.250735,-93.24969,129,0.7191,0.5711,0.0574,0.4042,0.8056,0.01,76.43,23.08,35.85,3.3,6.24,1.33,138.6,53.7,98.6,5.76,7.88,7.64
CHIS_P0084,CIMMYT Chiapas,CIMMYT Chiapas,16.226781,-93.254229,113,0.741,0.5354,0.0499,0.5483,0.8349,0.0611,79.46,33.51,40.99,3.5,6.08,1.37,148.8,49.0,98.6,6.88,8.69,8.03
CHIS_P0085,CIMMYT Chiapas,CIMMYT Chiapas,16.223298,-93.268729,121,0.6986,0.5706,0.0503,0.5622,0.7202,0.0219,68.89,21.84,36.73,4.03,6.07,1.27,138.4,49.6,95.3,6.97,6.71,8.64
CHIS_P0086,CIMMYT Chiapas,CIMMYT Chiapas,16.226979,-93.252615,132,0.7645,0.6081,0.0573,0.4675,0.7928,0.1118,75.98,27.08,33.89,3.53,5.71,1.27,151.8,53.8,90.2,6.96,8.0,7.58
CHIS_P0087,CIMMYT Chiapas,CIMMYT Chiapas,16.243985,-93.275592,111,0.6452,0.5096,0.0405,0.5088,0.6938,0.026,69.15,28.22,44.44,4.48,6.4,1.28,150.4,48.7,98.1,7.29,7.54,7.55
CHIS_P0088,CIMMYT Chiapas,CIMMYT Chiapas,16.236945,-93.267552,133,0.624,0.5113,0.0409,0.4956,0.674,0.0425,64.89,27.45,45.42,3.52,6.13,1.34,166.7,52.5,97.1,6.37,8.68,7.74
CHIS_P0089,CIMMYT Chiapas,CIMMYT Chiapas,16.226643,-93.27128,131,0.6,0.5096,0.0478,0.6339,0.6597,0.01,65.9,25.35,39.41,3.8,6.1,1.23,174.7,39.9,85.8,7.07,6.7,8.26
CHIS_P0090,CIMMYT Chiapas,CIMMYT Chiapas,16.239159,-93.262772,128,0.7473,0.6083,0.0529,0.536,0.8476,0.01,81.09,25.55,30.34,4.12,7.04,1.29,175.9,56.7,83.1,7.28,8.19,8.98
CHIS_P0091,CIMMYT Chiapas,CIMMYT Chiapas,16.234165,-93.22928,134,0.7094,0.5073,0.0581,0.4736,0.7441,0.0349,71.71,26.15,39.54,3.06,6.23,1.33,146.6,55.0,91.2,6.09,7.69,7.66
CHIS_P0092,CIMMYT Chiapas,CIMMYT Chiapas,16.244624,-93.292009,114,0.6775,0.4965,0.0698,0.4322,0.6935,0.0458,59.59,25.49,43.76,2.91,5.94,1.31,151.9,48.5,108.6,6.93,8.81,7.34
CHIS_P0093,CIMMYT Chiapas,CIMMYT Chiapas,16.224575,-93.253706,117,0.6926,0.5246,0.0636,0.3997,0.6912,0.0641,69.56,29.37,35.34,3.01,6.03,1.29,129.7,60.3,75.1,6.6,8.24,7.48
CHIS_P0094,CIMMYT Chiapas,CIMMYT Chiapas,16.229068,-93.288191,116,0.6294,0.4915,0.0534,0.4902,0.6474,0.0241,63.37,33.74,42.83,4.27,6.47,1.33,142.9,62.5,72.4,6.77,7.39,6.53
CHIS_P0095,CIMMYT Chiapas,CIMMYT Chiapas,16.228295,-93.271079,123,0.7901,0.6292,0.0548,0.4422,0.8291,0.0831,83.08,24.05,41.93,3.45,6.18,1.14,169.5,42.1,92.0,6.94,8.65,8.03
CHIS_P0096,CIMMYT Chiapas,CIMMYT Chiapas,16.215438,-93.247666,133,0.6858,0.5168,0.045,0.4089,0.7797,0.1377,64.71,21.21,44.61,4.85,5.75,1.31,179.2,48.9,90.6,6.61,7.75,8.84
CHIS_P0097,CIMMYT Chiapas,CIMMYT Chiapas,16.236553,-93.263036,132,0.6849,0.5389,0.0548,0.4477,0.7094,0.1059,75.41,25.69,42.54,3.45,6.41,1.25,136.5,48.8,92.1,6.53,8.53,7.82
CHIS_P0098,CIMMYT Chiapas,CIMMYT Chiapas,16.236133,-93.280166,112,0.7127,0.537,0.0521,0.4259,0.7594,0.01,72.41,35.03,37.62,3.78,5.96,1.19,146.1,47.5,92.9,6.81,7.82,8.56
CHIS_P0099,CIMMYT Chiapas,CIMMYT Chiapas,16.233061,-93.27473,127,0.7016,0.532,0.0582,0.5644,0.7412,0.0458,75.03,23.19,47.38,4.39,6.67,1.31,154.6,61.6,87.3,6.37,8.62,7.91
CHIS_P0100,CIMMYT Chiapas,CIMMYT Chiapas,16.230185,-93.253806,125,0.6901,0.5031,0.0467,0.5241,0.7657,0.01,69.87,31.74,41.29,4.6,6.45,1.35,159.2,53.4,107.9,6.37,8.27,9.11
CHIS_P0101,CIMMYT Chiapas,CIMMYT Chiapas,16.216016,-93.274955,132,0.6444,0.4796,0.0602,0.4796,0.7602,0.0194,75.13,31.87,41.88,4.63,6.02,1.27,142.9,52.9,70.8,7.07,10.09,8.05
CHIS_P0102,CIMMYT Chiapas,CIMMYT Chiapas,16.227952,-93.260753,128,0.7012,0.5132,0.0703,0.554,0.7253,0.3022,65.94,24.06,37.8,4.24,6.51,1.33,161.4,39.0,80.1,6.34,7.88,8.17
CHIS_P0103,CIMMYT Chiapas,CIMMYT Chiapas,16.228887,-93.263316,128,0.7647,0.5721,0.0539,0.4839,0.79,0.0108,73.66,27.99,40.01,4.16,6.17,1.36,147.9,60.1,88.8,7.07,8.27,8.52
CHIS_P0104,CIMMYT Chiapas,CIMMYT Chiapas,16.223373,-93.273774,127,0.7405,0.604,0.059,0.4369,0.8119,0.0484,84.64,31.7,38.02,3.97,6.39,1.35,154.8,45.1,70.3,6.99,7.75,8.28
CHIS_P0105,CIMMYT Chiapas,CIMMYT Chiapas,16.231065,-93.231841,129,0.7517,0.5626,0.0619,0.5562,0.8122,0.0674,77.3,24.67,41.22,4.05,6.29,1.36,163.2,55.5,87.9,6.11,8.07,8.93
CHIS_P0106,CIMMYT Chiapas,CIMMYT Chiapas,16.237849,-93.254491,125,0.657,0.5783,0.051,0.5069,0.7524,0.0849,72.99,25.29,49.7,3.45,5.91,1.32,155.1,57.2,109.9,6.53,6.2,7.73
CHIS_P0107,CIMMYT Chiapas,CIMMYT Chiapas,16.255634,-93.294377,117,0.6355,0.508,0.0572,0.4281,0.693,0.0574,69.57,23.96,35.83,3.33,5.97,1.28,148.5,65.9,90.3,7.28,8.15,7.34
CHIS_P0108,CIMMYT Chiapas,CIMMYT Chiapas,16.235095,-93.261203,137,0.6743,0.5306,0.0551,0.4705,0.7036,0.01,69.28,22.45,34.74,3.7,6.44,1.2,153.4,44.5,92.8,6.41,8.74,8.27
CHIS_P0109,CIMMYT Chiapas,CIMMYT Chiapas,16.236091,-93.273927,110,0.6825,0.5109,0.056,0.4362,0.7402,0.0277,71.59,23.73,48.62,3.62,6.06,1.27,153.7,30.8,74.9,6.61,8.19,7.53
CHIS_P0110,CIMMYT Chiapas,CIMMYT Chiapas,16.232107,-93.251213,126,0.7292,0.5863,0.0473,0.4109,0.8025,0.051,78.32,21.72,41.06,3.5,6.04,1.24,149.4,56.5,82.6,6.98,7.19,8.11
CHIS_P0111,CIMMYT Chiapas,CIMMYT Chiapas,16.209975,-93.275888,121,0.6038,0.4566,0.0552,0.5263,0.6685,0.01,72.58,26.12,38.99,4.01,5.88,1.39,151.1,69.4,85.5,7.11,7.29,7.04
CHIS_P0112,CIMMYT Chiapas,CIMMYT Chiapas,16.232682,-93.265721,130,0.7488,0.5871,0.06,0.5755,0.804,0.0302,76.99,23.31,46.68,4.13,6.27,1.27,179.0,64.9,86.2,6.7,6.47,9.47
CHIS_P0113,CIMMYT Chiapas,CIMMYT Chiapas,16.233723,-93.256425,120,0.6729,0.5889,0.0695,0.4101,0.7449,0.01,72.21,26.82,39.27,3.74,6.73,1.29,163.4,56.7,105.4,6.56,8.58,8.66
CHIS_P0114,CIMMYT Chiapas,CIMMYT Chiapas,16.262559,-93.251014,114,0.6608,0.513,0.0646,0.5081,0.7359,0.01,74.32,20.55,50.22,4.36,5.85,1.31,150.6,51.1,96.7,7.37,7.27,9.35
CHIS_P0115,CIMMYT Chiapas,CIMMYT Chiapas,16.230692,-93.282004,136,0.6345,0.5236,0.0765,0.4475,0.7159,0.0354,72.6,27.16,45.05,3.19,6.16,1.28,165.5,61.5,76.7,7.5,7.87,8.3
CHIS_P0116,CIMMYT Chiapas,CIMMYT Chiapas,16.236619,-93.269018,121,0.6055,0.4547,0.0473,0.4556,0.665,0.01,67.99,28.92,39.8,3.61,6.55,1.36,150.0,47.2,93.0,7.19,7.7,7.05
CHIS_P0117,CIMMYT Chiapas,CIMMYT Chiapas,16.232583,-93.271124,126,0.717,0.5584,0.0637,0.4504,0.752,0.0587,74.43,19.02,51.71,3.38,6.13,1.25,172.6,58.8,96.0,6.83,8.92,8.34
CHIS_P0118,CIMMYT Chiapas,CIMMYT Chiapas,16.218976,-93.2738,115,0.6833,0.5772,0.0568,0.4368,0.7277,0.0819,65.86,27.31,39.27,2.86,6.28,1.29,160.5,59.0,103.7,6.48,7.97,7.22
CHIS_P0119,CIMMYT Chiapas,CIMMYT Chiapas,16.246714,-93.237518,110,0.622,0.4694,0.0769,0.4824,0.6981,0.1129,72.74,30.3,45.34,3.66,5.85,1.24,153.4,63.5,109.0,6.47,8.39,8.37
CHIS_P0120,CIMMYT Chiapas,CIMMYT Chiapas,16.242023,-93.257925,114,0.6217,0.5303,0.0469,0.4385,0.6372,0.0156,57.16,21.77,43.35,3.65,6.27,1.21,161.7,77.1,77.8,7.01,8.11,7.23
CHIS_P0121,CIMMYT Chiapas,CIMMYT Chiapas,16.242492,-93.282913,134,0.6649,0.5363,0.0466,0.4935,0.7159,0.0128,69.79,31.85,47.86,4.38,6.1,1.25,131.4,58.1,80.3,6.97,8.78,7.44
CHIS_P0122,CIMMYT Chiapas,CIMMYT Chiapas,16.222087,-93.250232,137,0.7551,0.5749,0.049,0.4775,0.7833,0.01,72.56,27.47,49.03,3.98,6.43,1.28,138.1,50.9,74.9,7.36,7.86,7.37
CHIS_P0123,CIMMYT Chiapas,CIMMYT Chiapas,16.249834,-93.232168,123,0.6683,0.5371,0.0338,0.4681,0.7092,0.0708,67.86,23.53,42.14,3.24,6.48,1.26,137.1,54.8,87.2,7.06,9.1,7.21
CHIS_P0124,CIMMYT Chiapas,CIMMYT Chiapas,16.216178,-93.248513,114,0.6124,0.502,0.0497,0.4346,0.6907,0.0858,67.46,25.8,38.61,4.53,6.88,1.25,157.1,40.8,95.6,6.2,6.56,7.91
CHIS_P0125,CIMMYT Chiapas,CIMMYT Chiapas,16.240042,-93.286791,131,0.6689,0.5373,0.0474,0.4512,0.7147,0.01,69.73,27.95,44.07,4.25,6.31,1.21,181.0,49.4,101.8,7.22,8.45,7.93
CHIS_P0126,CIMMYT Chiapas,CIMMYT Chiapas,16.259285,-93.271264,133,0.6677,0.4816,0.0565,0.5178,0.7091,0.1927,69.55,26.27,38.95,3.96,6.24,1.28,188.5,51.7,89.1,6.4,7.32,9.18
CHIS_P0127,CIMMYT Chiapas,CIMMYT Chiapas,16.221114,-93.244996,136,0.5586,0.4176,0.0584,0.505,0.5578,0.01,59.2,27.89,51.06,3.6,6.2,1.2,164.6,50.8,86.2,6.65,7.29,7.58
CHIS_P0128,CIMMYT Chiapas,CIMMYT Chiapas,16.226204,-93.274615,110,0.6776,0.5223,0.0738,0.4311,0.7399,0.0546,72.62,22.78,42.61,3.27,6.05,1.32,162.5,56.2,91.8,6.9,8.31,7.98
CHIS_P0129,CIMMYT Chiapas,CIMMYT Chiapas,16.234196,-93.257343,127,0.6696,0.5204,0.0645,0.485,0.729,0.0864,69.13,26.59,40.36,3.53,6.24,1.28,128.0,48.4,80.0,7.6,8.28,8.17
CHIS_P0130,CIMMYT Chiapas,CIMMYT Chiapas,16.226958,-93.25238,125,0.7113,0.5704,0.0492,0.5176,0.8162,0.1433,81.73,21.05,42.83,4.19,6.07,1.21,146.9,64.0,115.1,8.04,8.47,8.45
BAJ_P0001,CIMMYT Bajío,CIMMYT Bajío,20.519016,-100.819811,118,0.7864,0.5999,0.0615,0.458,0.8472,0.01,78.52,39.32,37.46,2.7,7.57,1.34,221.4,64.3,144.5,7.97,12.19,12.71
BAJ_P0002,CIMMYT Bajío,CIMMYT Bajío,20.507597,-100.82077,133,0.7573,0.5571,0.0626,0.532,0.7631,0.0829,69.55,40.06,26.85,2.4,6.84,1.3,204.2,66.3,138.2,8.65,12.56,11.34
BAJ_P0003,CIMMYT Bajío,CIMMYT Bajío,20.518339,-100.805676,132,0.7347,0.5447,0.0485,0.4866,0.8204,0.0141,78.7,35.14,26.47,2.83,7.67,1.43,231.5,80.2,123.5,9.23,11.2,13.01
BAJ_P0004,CIMMYT Bajío,CIMMYT Bajío,20.546065,-100.831322,112,0.7362,0.5727,0.0438,0.5218,0.7382,0.0269,70.41,34.31,26.89,1.67,7.83,1.41,214.7,83.4,138.9,8.82,12.41,12.32
BAJ_P0005,CIMMYT Bajío,CIMMYT Bajío,20.512936,-100.791619,127,0.8346,0.6493,0.0703,0.4649,0.878,0.0376,85.16,44.48,26.2,2.8,7.23,1.29,215.1,71.9,135.8,8.56,12.53,13.04
BAJ_P0006,CIMMYT Bajío,CIMMYT Bajío,20.532238,-100.794887,116,0.7237,0.5727,0.0531,0.4667,0.7657,0.167,71.52,37.91,39.36,1.55,7.66,1.34,240.9,60.2,121.3,8.58,12.76,12.0
BAJ_P0007,CIMMYT Bajío,CIMMYT Bajío,20.540407,-100.821311,124,0.7963,0.6189,0.0572,0.5547,0.8949,0.0194,84.54,37.86,27.66,2.12,8.06,1.39,198.9,73.7,149.5,7.38,11.75,12.47
BAJ_P0008,CIMMYT Bajío,CIMMYT Bajío,20.531424,-100.828958,130,0.8034,0.6511,0.0599,0.5018,0.8455,0.01,83.6,34.64,26.64,2.44,7.58,1.4,218.2,76.5,148.2,8.43,12.13,12.64
BAJ_P0009,CIMMYT Bajío,CIMMYT Bajío,20.532788,-100.846228,131,0.7745,0.5976,0.0425,0.4443,0.8166,0.0269,80.6,33.31,28.35,2.33,7.87,1.3,212.3,75.8,121.3,8.03,12.21,12.65
BAJ_P0010,CIMMYT Bajío,CIMMYT Bajío,20.535867,-100.834771,129,0.8596,0.6205,0.0596,0.5248,0.8687,0.01,85.45,38.19,23.65,2.73,7.43,1.38,223.0,70.5,127.3,8.65,12.65,13.18
BAJ_P0011,CIMMYT Bajío,CIMMYT Bajío,20.532551,-100.805051,127,0.8026,0.623,0.056,0.4533,0.8334,0.01,80.12,37.3,35.19,1.43,7.54,1.41,243.9,73.8,128.4,8.5,12.38,12.15
BAJ_P0012,CIMMYT Bajío,CIMMYT Bajío,20.547309,-100.81127,134,0.8629,0.6229,0.0486,0.4913,0.8884,0.0597,85.88,38.51,21.38,2.31,7.49,1.36,205.9,69.0,142.3,8.25,11.4,12.08
BAJ_P0013,CIMMYT Bajío,CIMMYT Bajío,20.515516,-100.808595,112,0.7507,0.5923,0.0434,0.5718,0.7777,0.01,75.47,38.81,25.24,2.79,7.44,1.39,197.0,66.1,140.9,8.64,12.2,11.99
BAJ_P0014,CIMMYT Bajío,CIMMYT Bajío,20.530885,-100.843684,137,0.7515,0.6126,0.0611,0.4084,0.8017,0.01,74.66,47.21,32.21,2.28,7.51,1.36,202.9,81.0,135.5,8.64,13.35,12.34
BAJ_P0015,CIMMYT Bajío,CIMMYT Bajío,20.506181,-100.821937,132,0.8037,0.6023,0.0663,0.4712,0.7807,0.0877,80.11,37.31,28.19,1.74,7.09,1.43,211.5,75.8,138.3,9.21,12.41,11.71
BAJ_P0016,CIMMYT Bajío,CIMMYT Bajío,20.503115,-100.795491,123,0.7682,0.6347,0.0568,0.5004,0.7729,0.0314,78.86,44.03,30.47,2.7,7.46,1.34,216.0,73.8,119.5,8.87,13.06,12.05
BAJ_P0017,CIMMYT Bajío,CIMMYT Bajío,20.52702,-100.81744,133,0.8559,0.6886,0.0407,0.5182,0.9025,0.01,89.42,44.25,34.9,1.96,7.92,1.32,216.7,70.9,139.6,8.69,12.91,12.42
BAJ_P0018,CIMMYT Bajío,CIMMYT Bajío,20.534521,-100.835084,111,0.7954,0.6506,0.0444,0.4179,0.849,0.0205,80.01,41.14,32.52,1.88,7.28,1.38,242.0,73.6,133.8,8.22,13.02,13.07
BAJ_P0019,CIMMYT Bajío,CIMMYT Bajío,20.547568,-100.817674,123,0.733,0.5765,0.0507,0.4032,0.776,0.0719,76.38,37.68,28.62,1.82,7.25,1.31,239.4,76.3,126.9,8.17,12.2,12.26
BAJ_P0020,CIMMYT Bajío,CIMMYT Bajío,20.557038,-100.827565,131,0.7018,0.5226,0.0706,0.5345,0.7506,0.0226,75.48,33.73,37.4,2.16,7.57,1.27,234.5,88.8,116.6,8.84,12.3,12.02
BAJ_P0021,CIMMYT Bajío,CIMMYT Bajío,20.543838,-100.810995,120,0.7765,0.6252,0.0525,0.444,0.8142,0.0478,73.88,40.17,25.17,2.33,7.58,1.43,252.7,80.2,135.3,8.52,12.24,12.9
BAJ_P0022,CIMMYT Bajío,CIMMYT Bajío,20.536726,-100.815692,125,0.776,0.5897,0.0503,0.4419,0.8254,0.01,85.17,42.07,27.55,1.68,7.66,1.33,227.4,69.7,139.3,8.7,12.09,12.14
BAJ_P0023,CIMMYT Bajío,CIMMYT Bajío,20.52992,-100.807851,117,0.7941,0.6224,0.0383,0.5575,0.8571,0.0621,76.2,44.62,27.86,1.77,7.52,1.31,231.6,69.8,114.6,8.99,12.63,11.43
BAJ_P0024,CIMMYT Bajío,CIMMYT Bajío,20.509625,-100.834269,116,0.8345,0.6466,0.0484,0.4835,0.8973,0.0266,88.61,35.18,27.54,1.94,7.57,1.34,227.1,68.5,135.2,7.99,11.88,12.84
BAJ_P0025,CIMMYT Bajío,CIMMYT Bajío,20.526248,-100.822731,120,0.8286,0.6744,0.0427,0.4838,0.8579,0.069,87.44,37.65,23.19,1.82,7.45,1.34,224.6,73.4,136.5,9.16,13.38,12.54
BAJ_P0026,CIMMYT Bajío,CIMMYT Bajío,20.543485,-100.799643,112,0.7539,0.6063,0.045,0.471,0.8314,0.1157,79.42,35.2,20.87,2.27,7.19,1.37,220.9,68.5,128.3,8.99,11.5,12.4
BAJ_P0027,CIMMYT Bajío,CIMMYT Bajío,20.538779,-100.836314,126,0.7218,0.561,0.0562,0.4188,0.7765,0.0662,74.02,36.28,29.88,2.41,7.53,1.33,209.0,78.8,139.6,7.78,12.53,12.59
BAJ_P0028,CIMMYT Bajío,CIMMYT Bajío,20.512564,-100.831047,123,0.7245,0.5163,0.051,0.5138,0.8114,0.0245,80.23,40.83,25.15,2.35,7.75,1.4,196.3,53.9,133.4,9.54,12.96,12.5
BAJ_P0029,CIMMYT Bajío,CIMMYT Bajío,20.535368,-100.813011,115,0.7468,0.5667,0.072,0.5005,0.8398,0.0207,87.11,36.12,36.59,2.35,7.69,1.41,213.0,79.3,138.4,8.73,12.0,12.66
BAJ_P0030,CIMMYT Bajío,CIMMYT Bajío,20.534341,-100.811699,117,0.7635,0.6131,0.0658,0.4884,0.7702,0.0278,72.96,35.62,27.67,3.0,7.06,1.32,223.5,77.2,141.4,8.41,11.27,12.23
BAJ_P0031,CIMMYT Bajío,CIMMYT Bajío,20.532199,-100.823333,131,0.7937,0.6261,0.0489,0.4742,0.818,0.0126,75.79,41.29,26.87,2.44,7.62,1.35,216.1,85.1,141.4,8.81,12.83,11.99
BAJ_P0032,CIMMYT Bajío,CIMMYT Bajío,20.527666,-100.820176,114,0.744,0.5427,0.0458,0.4654,0.8184,0.014,77.08,40.08,32.92,2.6,7.3,1.35,199.0,82.0,147.2,8.21,12.21,12.71
BAJ_P0033,CIMMYT Bajío,CIMMYT Bajío,20.535987,-100.808002,136,0.7926,0.5731,0.0688,0.5256,0.7927,0.1095,70.66,39.73,29.81,2.06,7.94,1.37,212.5,69.5,139.1,8.82,12.56,11.09
BAJ_P0034,CIMMYT Bajío,CIMMYT Bajío,20.536368,-100.803255,137,0.7963,0.626,0.0716,0.4729,0.8889,0.034,88.48,36.21,27.21,2.67,7.64,1.43,211.7,81.1,129.3,8.28,12.13,12.57
BAJ_P0035,CIMMYT Bajío,CIMMYT Bajío,20.520302,-100.832038,117,0.7865,0.587,0.0331,0.4768,0.8261,0.0401,77.51,43.03,25.12,2.04,7.8,1.44,214.1,73.7,127.2,9.41,13.22,12.32
BAJ_P0036,CIMMYT Bajío,CIMMYT Bajío,20.53346,-100.810535,111,0.7292,0.5448,0.0559,0.5065,0.7965,0.0631,75.73,38.55,44.46,2.44,7.56,1.5,222.4,59.5,122.2,8.62,10.66,11.47
BAJ_P0037,CIMMYT Bajío,CIMMYT Bajío,20.525727,-100.79332,124,0.8011,0.6416,0.0525,0.4904,0.8476,0.0624,84.55,46.83,29.63,1.63,7.53,1.27,225.6,76.3,136.8,8.86,12.38,12.31
BAJ_P0038,CIMMYT Bajío,CIMMYT Bajío,20.510153,-100.817738,121,0.8737,0.7115,0.0615,0.5621,0.8819,0.01,83.34,39.06,32.88,2.32,7.97,1.33,207.5,70.0,150.9,8.29,13.07,12.91
BAJ_P0039,CIMMYT Bajío,CIMMYT Bajío,20.521261,-100.832198,126,0.7911,0.5983,0.0744,0.3919,0.8727,0.1247,86.44,30.33,23.4,1.81,7.82,1.47,229.7,75.0,130.7,8.93,12.25,11.62
BAJ_P0040,CIMMYT Bajío,CIMMYT Bajío,20.509236,-100.832891,110,0.6471,0.5036,0.0502,0.495,0.7796,0.0137,71.21,30.18,25.4,2.67,7.58,1.29,232.0,88.2,140.4,8.59,12.21,13.21
BAJ_P0041,CIMMYT Bajío,CIMMYT Bajío,20.539761,-100.818411,124,0.8358,0.6501,0.0344,0.4447,0.8704,0.0899,86.91,40.68,37.51,2.64,7.49,1.47,219.8,76.8,126.0,8.04,11.89,12.23
BAJ_P0042,CIMMYT Bajío,CIMMYT Bajío,20.532271,-100.800462,123,0.7484,0.5796,0.0608,0.4329,0.7887,0.1037,76.91,43.05,34.29,2.04,7.07,1.39,225.0,66.9,137.3,8.5,12.04,12.45
BAJ_P0043,CIMMYT Bajío,CIMMYT Bajío,20.523734,-100.816611,129,0.882,0.6889,0.0689,0.4571,0.8525,0.0878,81.53,35.76,30.06,3.17,7.64,1.39,229.8,82.7,150.1,9.37,11.05,13.04
BAJ_P0044,CIMMYT Bajío,CIMMYT Bajío,20.545046,-100.813162,131,0.7852,0.6314,0.052,0.4827,0.8758,0.0606,84.53,45.85,26.28,2.12,7.51,1.32,198.5,77.9,143.2,8.94,11.72,12.22
BAJ_P0045,CIMMYT Bajío,CIMMYT Bajío,20.528816,-100.830945,125,0.7042,0.5324,0.0479,0.485,0.7815,0.01,70.52,44.32,26.95,1.52,7.71,1.36,230.8,65.9,116.2,8.45,11.5,11.27
BAJ_P0046,CIMMYT Bajío,CIMMYT Bajío,20.510825,-100.801253,118,0.6871,0.4978,0.0506,0.4041,0.6851,0.0313,66.15,39.24,24.96,1.9,7.79,1.47,203.1,62.2,141.8,7.85,12.27,12.0
BAJ_P0047,CIMMYT Bajío,CIMMYT Bajío,20.522726,-100.833185,110,0.8493,0.7047,0.0635,0.4529,0.8373,0.065,79.89,40.39,22.79,1.78,7.9,1.38,204.6,67.2,142.4,8.27,11.74,12.18
BAJ_P0048,CIMMYT Bajío,CIMMYT Bajío,20.547594,-100.823567,137,0.8298,0.6745,0.0505,0.4941,0.8213,0.0343,74.44,41.63,32.16,2.42,7.64,1.36,217.9,81.7,137.1,8.04,11.73,13.22
BAJ_P0049,CIMMYT Bajío,CIMMYT Bajío,20.519966,-100.806551,126,0.8802,0.6589,0.0583,0.4362,0.9495,0.1394,88.81,45.11,30.42,1.69,7.26,1.4,182.8,72.6,143.0,7.86,12.07,11.44
BAJ_P0050,CIMMYT Bajío,CIMMYT Bajío,20.531303,-100.846591,122,0.7805,0.6122,0.0553,0.4243,0.8528,0.0259,81.42,40.89,31.31,2.01,6.95,1.37,217.6,75.6,125.0,8.91,11.65,12.22
BAJ_P0051,CIMMYT Bajío,CIMMYT Bajío,20.536927,-100.813391,130,0.7775,0.6317,0.0542,0.3672,0.7998,0.0243,74.65,39.16,26.48,2.39,7.32,1.4,229.7,64.3,135.8,8.62,12.22,12.59
BAJ_P0052,CIMMYT Bajío,CIMMYT Bajío,20.535079,-100.831586,135,0.7628,0.6137,0.062,0.4468,0.8278,0.0216,71.02,40.85,29.15,2.31,7.92,1.34,190.3,81.9,148.3,9.32,12.34,12.01
BAJ_P0053,CIMMYT Bajío,CIMMYT Bajío,20.557394,-100.815752,130,0.7504,0.5968,0.0502,0.4225,0.8051,0.0283,81.06,40.38,26.06,2.24,8.06,1.38,231.3,58.9,147.2,8.2,12.59,12.66
BAJ_P0054,CIMMYT Bajío,CIMMYT Bajío,20.513884,-100.821281,114,0.7623,0.5904,0.0507,0.4308,0.8013,0.0571,76.43,41.74,24.73,2.31,7.48,1.35,204.5,69.8,141.6,8.6,12.47,12.0
BAJ_P0055,CIMMYT Bajío,CIMMYT Bajío,20.515082,-100.784412,119,0.7898,0.6592,0.063,0.4664,0.8689,0.0859,75.45,33.0,35.5,2.08,7.14,1.29,218.1,78.3,124.4,8.04,12.53,13.44
BAJ_P0056,CIMMYT Bajío,CIMMYT Bajío,20.514083,-100.821897,115,0.742,0.5843,0.0451,0.45,0.7559,0.076,80.04,39.61,28.55,1.53,7.37,1.4,206.7,66.0,122.5,8.36,11.75,11.62
BAJ_P0057,CIMMYT Bajío,CIMMYT Bajío,20.524449,-100.78836,133,0.7049,0.5369,0.0462,0.4217,0.7893,0.1154,80.12,40.11,30.28,2.07,7.87,1.32,223.6,79.9,136.4,8.51,11.77,10.71
BAJ_P0058,CIMMYT Bajío,CIMMYT Bajío,20.541193,-100.807196,128,0.7872,0.6358,0.0424,0.3742,0.8153,0.152,77.05,38.25,31.76,2.46,7.38,1.37,230.4,68.0,137.2,8.45,11.51,12.62
BAJ_P0059,CIMMYT Bajío,CIMMYT Bajío,20.515619,-100.828022,134,0.741,0.5804,0.0635,0.4951,0.8445,0.1185,78.12,41.24,28.6,2.19,7.71,1.43,224.7,65.2,133.8,8.62,11.55,12.96
BAJ_P0060,CIMMYT Bajío,CIMMYT Bajío,20.54136,-100.811038,122,0.6342,0.5034,0.0539,0.5176,0.6541,0.01,64.2,45.22,29.08,2.43,7.6,1.31,214.9,85.3,125.3,8.99,11.91,11.31
BAJ_P0061,CIMMYT Bajío,CIMMYT Bajío,20.528422,-100.820566,110,0.8049,0.6329,0.0419,0.4602,0.8443,0.0932,81.76,38.98,23.11,1.99,7.75,1.41,207.9,76.2,140.2,8.95,11.66,11.65
BAJ_P0062,CIMMYT Bajío,CIMMYT Bajío,20.514692,-100.812368,129,0.7301,0.5819,0.0635,0.4667,0.7819,0.0164,76.96,40.92,23.97,2.7,8.06,1.37,214.0,79.2,136.3,8.29,12.97,11.88
BAJ_P0063,CIMMYT Bajío,CIMMYT Bajío,20.506984,-100.826708,134,0.8098,0.6072,0.0494,0.4801,0.8614,0.01,79.75,44.12,23.73,1.1,7.72,1.33,224.8,83.1,138.5,8.59,12.13,11.39
BAJ_P0064,CIMMYT Bajío,CIMMYT Bajío,20.509669,-100.790647,124,0.8087,0.5945,0.0463,0.5589,0.8734,0.0712,87.69,39.07,30.72,2.31,7.59,1.48,225.4,54.0,142.1,8.92,13.15,12.32
BAJ_P0065,CIMMYT Bajío,CIMMYT Bajío,20.52001,-100.802119,123,0.7928,0.6542,0.053,0.4016,0.8042,0.027,75.55,35.39,28.32,2.86,8.09,1.38,223.3,80.1,131.7,9.01,12.43,13.04
BAJ_P0066,CIMMYT Bajío,CIMMYT Bajío,20.52597,-100.815523,117,0.8924,0.7023,0.0698,0.4593,0.9412,0.01,92.74,40.66,23.97,2.92,7.65,1.35,195.8,68.9,129.1,8.34,11.8,13.53
BAJ_P0067,CIMMYT Bajío,CIMMYT Bajío,20.544153,-100.790063,119,0.7738,0.6228,0.0511,0.3939,0.8279,0.0104,76.69,30.79,30.61,2.15,7.33,1.34,214.7,70.0,148.3,8.88,12.06,11.11
BAJ_P0068,CIMMYT Bajío,CIMMYT Bajío,20.537589,-100.814886,118,0.7671,0.5544,0.0608,0.4981,0.8013,0.01,86.19,30.46,30.45,1.65,7.74,1.42,205.5,78.5,125.9,8.73,10.96,11.53
BAJ_P0069,CIMMYT Bajío,CIMMYT Bajío,20.517933,-100.799536,126,0.8108,0.6591,0.0623,0.4728,0.8729,0.1635,86.23,39.67,24.87,2.86,7.68,1.35,225.0,72.1,129.4,8.17,12.3,13.03
BAJ_P0070,CIMMYT Bajío,CIMMYT Bajío,20.532904,-100.815425,118,0.7775,0.5934,0.0594,0.4901,0.7871,0.01,85.66,30.29,27.87,2.23,7.46,1.42,203.5,79.8,149.8,8.92,11.58,12.1
BAJ_P0071,CIMMYT Bajío,CIMMYT Bajío,20.547819,-100.810092,112,0.8322,0.629,0.0677,0.4877,0.8724,0.0165,86.65,33.9,30.46,2.18,7.41,1.38,221.8,74.7,128.4,8.66,11.45,13.38
BAJ_P0072,CIMMYT Bajío,CIMMYT Bajío,20.550487,-100.817222,120,0.7229,0.5623,0.0479,0.5295,0.7503,0.0377,70.06,37.17,24.14,1.85,7.47,1.44,210.8,76.3,133.8,7.9,12.95,10.81
BAJ_P0073,CIMMYT Bajío,CIMMYT Bajío,20.524227,-100.81457,121,0.7237,0.54,0.0446,0.5069,0.7639,0.0309,76.24,35.98,30.55,1.69,7.4,1.33,186.8,71.1,130.1,8.48,12.65,10.19
BAJ_P0074,CIMMYT Bajío,CIMMYT Bajío,20.539499,-100.813442,119,0.8145,0.6352,0.0444,0.5215,0.9079,0.1699,90.31,37.98,29.35,2.5,7.48,1.33,229.0,66.5,113.6,8.62,12.89,13.81
BAJ_P0075,CIMMYT Bajío,CIMMYT Bajío,20.544679,-100.826046,134,0.7276,0.5641,0.0536,0.4267,0.8216,0.01,80.18,42.4,23.5,2.55,7.31,1.37,214.6,69.1,133.5,8.36,12.59,12.73
BAJ_P0076,CIMMYT Bajío,CIMMYT Bajío,20.509915,-100.822016,126,0.8074,0.6563,0.0455,0.5397,0.8955,0.0503,88.18,39.33,28.99,2.34,7.66,1.37,234.1,74.2,122.9,9.09,11.42,12.52
BAJ_P0077,CIMMYT Bajío,CIMMYT Bajío,20.521851,-100.819251,126,0.7967,0.6592,0.0565,0.4439,0.8328,0.0799,82.61,35.56,29.65,1.91,7.64,1.36,190.0,89.7,138.1,9.11,11.84,11.96
BAJ_P0078,CIMMYT Bajío,CIMMYT Bajío,20.55464,-100.812554,134,0.7487,0.6211,0.0558,0.4468,0.826,0.1879,75.82,43.24,25.18,1.77,7.65,1.51,210.6,86.8,148.3,8.45,11.87,12.1
BAJ_P0079,CIMMYT Bajío,CIMMYT Bajío,20.524388,-100.816459,120,0.7965,0.5647,0.0652,0.4935,0.8499,0.0678,77.86,33.5,25.54,1.61,7.53,1.48,211.8,69.8,108.4,8.4,11.02,11.65
BAJ_P0080,CIMMYT Bajío,CIMMYT Bajío,20.492853,-100.798405,131,0.7244,0.5417,0.0579,0.4951,0.7758,0.114,71.7,39.28,23.46,2.0,7.5,1.39,219.1,75.5,130.1,8.55,11.64,12.05
BAJ_P0081,CIMMYT Bajío,CIMMYT Bajío,20.526548,-100.803293,113,0.735,0.5164,0.0508,0.4264,0.7827,0.01,75.58,33.11,25.98,1.8,7.95,1.4,195.1,72.7,140.4,8.52,11.66,11.71
BAJ_P0082,CIMMYT Bajío,CIMMYT Bajío,20.541496,-100.818945,116,0.7693,0.5702,0.0591,0.4713,0.8721,0.0341,82.94,39.38,27.95,1.48,7.57,1.37,223.2,76.0,108.8,8.36,12.26,13.02
BAJ_P0083,CIMMYT Bajío,CIMMYT Bajío,20.528078,-100.795273,130,0.7836,0.5949,0.0447,0.5544,0.8745,0.0328,80.54,37.38,25.55,2.54,7.9,1.33,243.7,77.1,151.0,7.12,13.83,13.31
BAJ_P0084,CIMMYT Bajío,CIMMYT Bajío,20.536584,-100.787905,135,0.7663,0.608,0.0546,0.4066,0.8387,0.1522,83.23,42.29,21.32,1.66,7.27,1.37,222.1,79.2,139.6,9.3,12.1,12.94
BAJ_P0085,CIMMYT Bajío,CIMMYT Bajío,20.539259,-100.846657,123,0.7995,0.6106,0.0582,0.5543,0.8444,0.0115,82.05,41.02,24.9,2.69,7.71,1.42,216.4,51.8,148.0,8.6,12.21,11.92
BAJ_P0086,CIMMYT Bajío,CIMMYT Bajío,20.523741,-100.802016,116,0.7975,0.6097,0.0563,0.4679,0.8487,0.0115,82.06,36.45,26.12,2.43,7.34,1.45,194.3,77.9,128.2,8.53,11.97,12.03
BAJ_P0087,CIMMYT Bajío,CIMMYT Bajío,20.521767,-100.826395,133,0.8488,0.6666,0.0592,0.3631,0.9147,0.0279,86.91,35.77,31.68,2.38,7.39,1.43,203.4,71.8,129.7,8.73,12.73,12.65
BAJ_P0088,CIMMYT Bajío,CIMMYT Bajío,20.529841,-100.803989,117,0.7757,0.5623,0.0486,0.4117,0.8101,0.01,76.44,37.4,30.68,3.0,7.43,1.3,214.2,69.4,133.1,8.57,11.37,11.64
BAJ_P0089,CIMMYT Bajío,CIMMYT Bajío,20.530133,-100.797426,110,0.8338,0.6294,0.0665,0.4318,0.9119,0.0141,84.6,45.06,31.76,1.67,7.42,1.37,207.1,81.4,160.7,8.43,13.48,12.72
BAJ_P0090,CIMMYT Bajío,CIMMYT Bajío,20.528649,-100.829155,133,0.8214,0.6281,0.0732,0.4488,0.8438,0.2351,84.27,44.17,24.67,2.64,7.42,1.31,230.4,86.7,150.8,8.2,12.04,13.04
BAJ_P0091,CIMMYT Bajío,CIMMYT Bajío,20.529142,-100.843785,131,0.8832,0.6839,0.039,0.4748,0.945,0.0391,88.26,35.11,28.64,2.12,7.89,1.44,223.0,80.5,136.6,7.86,12.05,12.52
BAJ_P0092,CIMMYT Bajío,CIMMYT Bajío,20.519017,-100.803468,113,0.7743,0.6059,0.0428,0.3448,0.7556,0.07,73.27,41.3,17.1,3.41,7.56,1.36,255.4,70.9,138.1,8.06,12.6,13.05
BAJ_P0093,CIMMYT Bajío,CIMMYT Bajío,20.537003,-100.813969,121,0.7611,0.6312,0.0554,0.4893,0.7946,0.0907,82.1,32.44,29.93,2.08,7.61,1.38,200.3,66.4,142.6,8.15,11.46,12.54
BAJ_P0094,CIMMYT Bajío,CIMMYT Bajío,20.535191,-100.841027,133,0.8366,0.6753,0.0524,0.4272,0.9489,0.032,89.93,36.93,30.75,2.01,7.42,1.4,215.5,51.0,163.7,8.86,12.78,12.22
BAJ_P0095,CIMMYT Bajío,CIMMYT Bajío,20.511968,-100.778057,112,0.7973,0.6027,0.074,0.5495,0.8784,0.0111,87.69,35.25,26.42,2.44,7.79,1.52,194.2,76.5,139.6,8.89,13.1,12.85
BAJ_P0096,CIMMYT Bajío,CIMMYT Bajío,20.52333,-100.806634,122,0.8377,0.6469,0.0572,0.4665,0.9337,0.0162,91.63,42.24,29.33,2.16,7.65,1.39,181.7,79.6,135.6,8.25,12.13,12.05
BAJ_P0097,CIMMYT Bajío,CIMMYT Bajío,20.529117,-100.805948,129,0.8123,0.6253,0.0689,0.5271,0.8422,0.0263,81.94,33.98,21.18,1.91,7.46,1.37,225.8,74.2,130.9,7.53,13.46,12.66
BAJ_P0098,CIMMYT Bajío,CIMMYT Bajío,20.521588,-100.795513,115,0.6852,0.5216,0.0345,0.5355,0.7383,0.0708,72.38,40.0,24.4,1.81,7.11,1.32,222.4,82.5,137.8,8.6,12.35,11.87
BAJ_P0099,CIMMYT Bajío,CIMMYT Bajío,20.535648,-100.824712,120,0.7969,0.6284,0.0631,0.5342,0.8854,0.0356,84.67,38.5,31.44,2.91,7.61,1.45,202.2,64.4,128.0,8.43,12.63,13.69
BAJ_P0100,CIMMYT Bajío,CIMMYT Bajío,20.527197,-100.814043,132,0.794,0.5728,0.0478,0.4517,0.863,0.01,82.97,37.89,30.3,1.73,7.71,1.37,216.4,73.6,141.0,8.42,13.05,11.66
BAJ_P0101,CIMMYT Bajío,CIMMYT Bajío,20.530029,-100.83579,113,0.786,0.6351,0.0477,0.451,0.8512,0.0519,79.8,44.35,26.15,2.35,7.28,1.46,205.6,73.0,117.8,8.98,13.2,12.06
BAJ_P0102,CIMMYT Bajío,CIMMYT Bajío,20.523191,-100.825119,129,0.774,0.6461,0.0525,0.4688,0.873,0.1781,83.95,44.66,31.65,2.73,7.47,1.44,207.6,74.1,131.9,8.66,12.35,11.9
BAJ_P0103,CIMMYT Bajío,CIMMYT Bajío,20.504081,-100.810215,125,0.7084,0.5458,0.0408,0.5118,0.7271,0.117,67.76,37.99,28.62,2.75,7.7,1.36,210.2,84.3,143.8,8.21,12.43,11.58
BAJ_P0104,CIMMYT Bajío,CIMMYT Bajío,20.503396,-100.840979,116,0.8193,0.6318,0.0594,0.4545,0.8638,0.1221,86.45,37.29,25.73,1.98,7.11,1.31,201.6,74.2,139.4,8.12,13.07,12.48
BAJ_P0105,CIMMYT Bajío,CIMMYT Bajío,20.535075,-100.825544,131,0.7968,0.6254,0.0569,0.474,0.7942,0.111,70.29,33.23,27.18,2.16,7.37,1.39,204.3,72.6,129.4,8.49,11.28,12.8
BAJ_P0106,CIMMYT Bajío,CIMMYT Bajío,20.531203,-100.829919,120,0.8296,0.6726,0.0577,0.4937,0.8467,0.0274,82.97,38.49,25.95,2.07,7.66,1.35,204.7,67.5,132.2,8.24,11.01,12.58
BAJ_P0107,CIMMYT Bajío,CIMMYT Bajío,20.533264,-100.813869,133,0.7108,0.5463,0.0639,0.4348,0.793,0.1014,77.3,45.34,22.67,1.56,7.86,1.38,221.3,85.6,147.4,8.57,12.0,11.81
BAJ_P0108,CIMMYT Bajío,CIMMYT Bajío,20.529614,-100.807379,110,0.8028,0.6495,0.0701,0.4316,0.8253,0.0108,80.09,38.05,33.66,2.49,8.16,1.43,173.4,63.6,120.5,9.01,10.95,11.46
BAJ_P0109,CIMMYT Bajío,CIMMYT Bajío,20.530575,-100.804868,135,0.7694,0.6124,0.0514,0.4721,0.8415,0.075,84.37,41.05,25.44,2.27,8.1,1.3,211.6,70.6,120.5,8.05,11.92,12.66
BAJ_P0110,CIMMYT Bajío,CIMMYT Bajío,20.539628,-100.801018,136,0.7865,0.6725,0.0598,0.4787,0.8862,0.0718,84.08,33.61,24.25,2.9,7.59,1.39,198.7,88.6,123.8,8.64,12.41,12.2
BAJ_P0111,CIMMYT Bajío,CIMMYT Bajío,20.533335,-100.795418,116,0.77,0.5924,0.0579,0.5017,0.8146,0.01,79.1,36.98,21.12,1.88,7.41,1.42,199.2,78.7,134.9,8.97,11.89,11.22
BAJ_P0112,CIMMYT Bajío,CIMMYT Bajío,20.540491,-100.806891,121,0.8045,0.5781,0.0588,0.5136,0.8701,0.1086,77.52,40.12,16.14,2.74,7.81,1.42,207.1,74.8,118.7,8.57,12.08,12.34
BAJ_P0113,CIMMYT Bajío,CIMMYT Bajío,20.530058,-100.78769,116,0.7727,0.5669,0.0589,0.425,0.845,0.1635,79.66,38.87,31.16,2.77,7.4,1.31,214.8,75.2,146.4,8.89,11.48,11.59
BAJ_P0114,CIMMYT Bajío,CIMMYT Bajío,20.524395,-100.814207,136,0.7327,0.5718,0.0709,0.4394,0.746,0.0218,74.61,41.39,31.57,2.27,7.34,1.4,211.8,67.4,123.9,8.49,12.46,11.34
BAJ_P0115,CIMMYT Bajío,CIMMYT Bajío,20.53033,-100.8186,132,0.7839,0.6371,0.0504,0.4315,0.8154,0.1171,73.59,36.39,33.37,1.27,7.46,1.44,199.0,74.5,137.7,8.67,11.38,12.5
BAJ_P0116,CIMMYT Bajío,CIMMYT Bajío,20.517966,-100.80689,116,0.7704,0.5846,0.0397,0.5506,0.7903,0.01,76.42,32.38,27.33,2.02,7.43,1.4,225.8,72.2,128.1,8.78,10.66,11.43
BAJ_P0117,CIMMYT Bajío,CIMMYT Bajío,20.523442,-100.819246,119,0.7762,0.5997,0.048,0.474,0.8101,0.0641,75.4,42.43,26.55,3.05,7.67,1.37,201.5,76.4,134.2,8.37,11.93,11.89
BAJ_P0118,CIMMYT Bajío,CIMMYT Bajío,20.530131,-100.788212,125,0.6365,0.5136,0.0626,0.4808,0.708,0.0465,67.58,35.22,25.72,2.38,7.38,1.44,204.0,63.0,115.8,9.4,12.48,11.81
BAJ_P0119,CIMMYT Bajío,CIMMYT Bajío,20.529972,-100.799035,135,0.8107,0.6082,0.0552,0.4829,0.8429,0.0553,78.75,40.27,26.13,2.56,7.57,1.35,219.3,78.2,147.0,8.83,12.18,12.59
BAJ_P0120,CIMMYT Bajío,CIMMYT Bajío,20.526723,-100.804746,117,0.7658,0.5821,0.0503,0.4442,0.8148,0.1825,73.85,40.08,33.04,2.21,8.0,1.3,219.8,83.1,123.5,9.12,11.32,12.09
BAJ_P0121,CIMMYT Bajío,CIMMYT Bajío,20.511342,-100.814029,118,0.7193,0.5319,0.0442,0.5582,0.7381,0.1435,72.2,32.68,27.88,2.15,7.58,1.37,205.8,73.4,122.2,9.03,12.0,10.83
BAJ_P0122,CIMMYT Bajío,CIMMYT Bajío,20.535637,-100.822112,118,0.8215,0.6702,0.0572,0.5006,0.9083,0.1076,87.02,42.17,29.7,1.41,7.97,1.41,171.0,80.2,163.5,8.73,12.53,11.99
BAJ_P0123,CIMMYT Bajío,CIMMYT Bajío,20.538011,-100.80548,111,0.8086,0.6693,0.0614,0.482,0.8423,0.0224,83.0,36.52,26.01,2.61,7.89,1.43,201.7,77.5,141.7,9.15,12.18,12.17
BAJ_P0124,CIMMYT Bajío,CIMMYT Bajío,20.547724,-100.832906,122,0.7653,0.5574,0.0581,0.4247,0.861,0.17,85.43,38.69,33.94,2.74,7.72,1.41,217.4,70.1,146.5,8.68,11.98,13.15
BAJ_P0125,CIMMYT Bajío,CIMMYT Bajío,20.533301,-100.792985,122,0.7282,0.5644,0.0525,0.4219,0.78,0.01,79.17,37.25,19.43,1.82,7.45,1.42,225.3,66.5,140.5,8.31,12.33,11.71
BAJ_P0126,CIMMYT Bajío,CIMMYT Bajío,20.528018,-100.818665,132,0.788,0.6498,0.0565,0.4646,0.7958,0.1344,76.86,44.18,22.51,2.17,7.84,1.43,213.8,67.7,129.6,8.61,10.91,12.62
BAJ_P0127,CIMMYT Bajío,CIMMYT Bajío,20.515844,-100.811423,132,0.7855,0.6227,0.0564,0.445,0.8304,0.0278,84.16,43.2,29.71,2.11,7.48,1.36,207.8,77.3,119.3,8.2,11.52,12.77
BAJ_P0128,CIMMYT Bajío,CIMMYT Bajío,20.545904,-100.829644,113,0.8216,0.6286,0.0569,0.4266,0.8397,0.01,77.2,32.16,35.88,2.44,7.55,1.37,249.4,74.6,131.4,7.76,11.27,12.62
BAJ_P0129,CIMMYT Bajío,CIMMYT Bajío,20.530974,-100.805155,134,0.76,0.5542,0.0432,0.4615,0.8277,0.0775,82.64,46.41,26.99,2.01,7.64,1.44,209.4,85.2,123.3,8.26,12.97,12.43
BAJ_P0130,CIMMYT Bajío,CIMMYT Bajío,20.53032,-100.822806,133,0.8338,0.6792,0.057,0.4692,0.8759,0.0184,85.7,36.13,24.21,2.67,7.55,1.32,224.2,81.3,124.0,8.63,12.65,12.19
COLO_P0001,USDA Colorado,USDA Colorado,40.455164,-104.656249,124,0.6893,0.5417,0.0445,0.4392,0.7099,0.0364,69.82,15.43,65.35,1.87,7.06,1.45,182.0,69.0,112.5,8.24,8.88,8.9
COLO_P0002,USDA Colorado,USDA Colorado,40.466667,-104.62327,130,0.6712,0.5483,0.0324,0.5267,0.7271,0.01,74.91,14.74,64.95,1.89,6.83,1.35,209.6,63.8,119.9,8.29,9.93,9.99
COLO_P0003,USDA Colorado,USDA Colorado,40.458222,-104.61224,133,0.7304,0.5558,0.0638,0.5347,0.7707,0.1176,76.24,25.9,62.22,2.07,7.37,1.38,211.8,48.9,127.9,7.63,9.16,10.36
COLO_P0004,USDA Colorado,USDA Colorado,40.480875,-104.613861,135,0.6752,0.5107,0.0606,0.4527,0.7251,0.01,70.15,19.33,62.05,1.66,7.09,1.44,170.8,68.3,109.6,7.91,8.75,9.55
COLO_P0005,USDA Colorado,USDA Colorado,40.458892,-104.623525,124,0.5968,0.4796,0.0622,0.4418,0.6379,0.0526,60.56,12.77,66.26,1.72,7.25,1.33,189.2,50.9,108.2,7.85,10.59,8.64
COLO_P0006,USDA Colorado,USDA Colorado,40.447617,-104.625062,119,0.6639,0.5176,0.0432,0.4663,0.7263,0.0759,69.29,25.74,63.65,2.22,7.07,1.35,208.1,64.9,115.7,6.67,10.37,10.13
COLO_P0007,USDA Colorado,USDA Colorado,40.486091,-104.669078,130,0.6845,0.5322,0.039,0.4852,0.6938,0.0163,62.88,15.08,58.84,1.54,7.23,1.48,168.2,51.2,117.8,7.24,9.24,9.25
COLO_P0008,USDA Colorado,USDA Colorado,40.471604,-104.635342,137,0.6868,0.5749,0.0418,0.4957,0.6994,0.1654,60.96,17.62,61.11,1.07,7.1,1.43,183.6,53.8,93.2,8.18,8.63,9.35
COLO_P0009,USDA Colorado,USDA Colorado,40.432765,-104.645441,116,0.605,0.487,0.0458,0.3674,0.689,0.1276,67.76,19.79,64.51,1.97,7.07,1.39,195.1,52.3,113.5,7.47,9.79,9.26
COLO_P0010,USDA Colorado,USDA Colorado,40.44259,-104.624793,135,0.5997,0.418,0.0705,0.4316,0.7027,0.0446,71.74,11.12,52.85,2.38,7.11,1.43,149.8,61.1,110.0,8.01,9.02,8.19
COLO_P0011,USDA Colorado,USDA Colorado,40.439542,-104.676064,112,0.5887,0.4792,0.065,0.4598,0.6286,0.0371,59.19,13.6,57.81,2.21,7.93,1.45,192.4,58.4,100.5,7.91,9.78,9.68
COLO_P0012,USDA Colorado,USDA Colorado,40.459748,-104.635105,111,0.7122,0.573,0.0504,0.4402,0.8037,0.0189,82.71,22.27,65.07,1.98,7.32,1.48,163.7,64.1,109.2,8.29,9.2,9.54
COLO_P0013,USDA Colorado,USDA Colorado,40.458854,-104.641217,115,0.668,0.5507,0.058,0.3368,0.6849,0.0917,65.13,15.71,67.44,2.46,7.82,1.36,182.9,59.9,96.0,7.25,10.38,9.78
COLO_P0014,USDA Colorado,USDA Colorado,40.458761,-104.621224,130,0.603,0.4469,0.0482,0.3856,0.6271,0.01,53.36,20.0,66.59,2.39,7.1,1.37,197.2,47.9,91.9,7.96,8.87,9.54
COLO_P0015,USDA Colorado,USDA Colorado,40.432441,-104.61478,118,0.6457,0.5118,0.0586,0.4147,0.7294,0.0798,73.24,14.91,66.02,1.75,7.01,1.45,144.2,62.2,110.8,7.77,10.93,9.08
COLO_P0016,USDA Colorado,USDA Colorado,40.444343,-104.651933,119,0.6344,0.4976,0.0436,0.4742,0.6986,0.1294,65.38,16.17,62.58,2.01,6.8,1.45,191.8,45.9,120.8,7.48,9.46,9.88
COLO_P0017,USDA Colorado,USDA Colorado,40.450209,-104.651256,113,0.5962,0.4411,0.0625,0.4582,0.6844,0.0182,69.24,22.75,57.37,2.03,7.55,1.35,210.6,52.9,105.8,7.48,10.21,8.94
COLO_P0018,USDA Colorado,USDA Colorado,40.430137,-104.634543,136,0.6416,0.5241,0.0465,0.4484,0.6957,0.1409,62.31,18.03,61.12,1.86,6.85,1.37,172.0,57.1,98.5,7.89,8.98,9.75
COLO_P0019,USDA Colorado,USDA Colorado,40.441538,-104.611994,112,0.6486,0.4999,0.0631,0.5198,0.6582,0.01,64.63,15.29,53.03,2.41,7.61,1.41,188.7,56.5,100.3,8.05,8.41,9.53
COLO_P0020,USDA Colorado,USDA Colorado,40.468277,-104.637098,118,0.7269,0.5958,0.0507,0.5198,0.7736,0.1708,71.47,14.11,67.85,1.83,6.82,1.42,200.0,46.8,116.6,7.83,7.97,10.57
COLO_P0021,USDA Colorado,USDA Colorado,40.433351,-104.657187,133,0.6105,0.4576,0.0471,0.4875,0.6866,0.01,66.61,14.43,58.32,1.67,7.35,1.42,156.1,71.0,130.0,7.84,10.14,8.71
COLO_P0022,USDA Colorado,USDA Colorado,40.469463,-104.647088,131,0.5631,0.4027,0.0711,0.486,0.5991,0.0726,60.2,20.85,59.6,0.8,6.65,1.35,191.4,73.2,119.2,7.6,9.2,8.32
COLO_P0023,USDA Colorado,USDA Colorado,40.465094,-104.63496,126,0.5928,0.4563,0.0568,0.4372,0.6242,0.0201,61.79,19.18,66.76,1.54,6.98,1.42,195.4,78.0,125.6,7.63,8.39,9.08
COLO_P0024,USDA Colorado,USDA Colorado,40.448511,-104.634397,123,0.5998,0.4737,0.0518,0.4432,0.6543,0.1268,63.06,12.48,54.73,1.31,7.11,1.38,189.6,69.2,97.4,7.48,10.11,9.25
COLO_P0025,USDA Colorado,USDA Colorado,40.444214,-104.648561,119,0.6208,0.4709,0.0626,0.3946,0.644,0.0503,57.0,16.81,56.65,1.88,6.93,1.36,181.3,56.8,109.1,7.59,9.99,9.1
COLO_P0026,USDA Colorado,USDA Colorado,40.461982,-104.647387,122,0.5929,0.3859,0.0416,0.4675,0.6418,0.0102,64.17,16.27,63.21,1.34,7.05,1.42,165.0,56.7,122.2,8.04,10.13,8.86
COLO_P0027,USDA Colorado,USDA Colorado,40.442547,-104.652724,121,0.677,0.5376,0.0661,0.5193,0.7189,0.0592,72.62,17.61,64.34,2.17,7.05,1.41,200.9,56.3,93.2,8.08,8.5,9.73
COLO_P0028,USDA Colorado,USDA Colorado,40.443144,-104.620882,136,0.5898,0.4695,0.0536,0.5477,0.6151,0.0367,55.4,14.39,61.68,2.4,7.33,1.46,180.5,75.9,102.1,7.29,9.99,9.37
COLO_P0029,USDA Colorado,USDA Colorado,40.451714,-104.650522,110,0.6409,0.5171,0.061,0.4678,0.7103,0.0758,65.05,20.34,61.82,1.89,6.52,1.38,166.4,59.1,121.3,7.44,9.6,10.17
COLO_P0030,USDA Colorado,USDA Colorado,40.426437,-104.644972,137,0.73,0.5599,0.0395,0.5046,0.7894,0.1495,79.54,16.5,67.71,1.46,6.94,1.43,175.2,70.2,113.1,7.52,10.42,9.58
COLO_P0031,USDA Colorado,USDA Colorado,40.4346,-104.645399,131,0.6649,0.5078,0.0512,0.3372,0.6943,0.0369,65.92,17.81,64.86,2.03,7.45,1.34,185.5,69.5,98.4,7.77,9.68,9.67
COLO_P0032,USDA Colorado,USDA Colorado,40.448212,-104.662089,128,0.6603,0.551,0.055,0.4584,0.6998,0.024,64.14,13.75,64.26,2.75,7.26,1.41,156.6,61.5,90.4,7.13,9.45,9.01
COLO_P0033,USDA Colorado,USDA Colorado,40.457708,-104.650951,128,0.7236,0.525,0.0653,0.4572,0.7554,0.01,73.48,13.93,65.49,2.61,7.46,1.44,180.3,48.4,126.0,7.45,10.25,10.45
COLO_P0034,USDA Colorado,USDA Colorado,40.442381,-104.619578,115,0.6961,0.5367,0.0618,0.5546,0.7169,0.0599,66.59,25.8,60.65,1.27,7.31,1.45,173.7,59.2,85.4,7.25,9.92,9.5
COLO_P0035,USDA Colorado,USDA Colorado,40.449629,-104.656139,122,0.6654,0.5226,0.0511,0.4996,0.6545,0.036,63.39,22.8,71.78,1.25,6.8,1.45,200.0,61.2,117.6,7.96,9.96,8.93
COLO_P0036,USDA Colorado,USDA Colorado,40.432638,-104.652455,128,0.626,0.5034,0.0582,0.5047,0.6515,0.0329,61.1,16.26,51.62,1.14,7.29,1.46,151.9,70.2,103.6,7.79,8.93,8.94
COLO_P0037,USDA Colorado,USDA Colorado,40.46319,-104.657988,122,0.639,0.5026,0.0676,0.5021,0.6603,0.0141,62.24,21.87,68.56,1.39,7.13,1.4,194.1,60.2,122.6,7.61,9.15,9.33
COLO_P0038,USDA Colorado,USDA Colorado,40.454641,-104.639359,136,0.6368,0.4736,0.053,0.4823,0.6802,0.0394,69.19,20.74,66.06,2.01,7.74,1.44,201.3,50.3,97.5,7.37,8.17,9.59
COLO_P0039,USDA Colorado,USDA Colorado,40.455703,-104.609718,135,0.6219,0.5143,0.0519,0.5566,0.6752,0.2914,56.18,14.31,63.12,1.65,7.32,1.51,152.4,67.9,141.4,7.62,8.93,9.38
COLO_P0040,USDA Colorado,USDA Colorado,40.457859,-104.63999,131,0.6495,0.5067,0.0361,0.3647,0.6655,0.0247,65.83,13.96,62.36,1.52,7.25,1.4,154.2,58.2,114.8,7.57,9.79,8.59
COLO_P0041,USDA Colorado,USDA Colorado,40.452938,-104.636999,130,0.6558,0.4698,0.0522,0.4873,0.707,0.0641,71.18,18.84,61.3,2.37,7.29,1.49,206.8,39.6,116.8,8.45,9.72,9.63
COLO_P0042,USDA Colorado,USDA Colorado,40.446195,-104.649932,113,0.584,0.4607,0.0376,0.5365,0.5953,0.1049,54.97,17.41,66.97,2.14,7.23,1.46,166.4,62.6,100.7,8.2,8.51,9.08
COLO_P0043,USDA Colorado,USDA Colorado,40.465556,-104.638924,133,0.7134,0.5684,0.0539,0.3854,0.7497,0.0968,75.25,15.09,61.82,1.13,7.22,1.41,226.4,64.0,108.4,7.52,10.26,9.99
COLO_P0044,USDA Colorado,USDA Colorado,40.453883,-104.619564,111,0.6584,0.5626,0.0649,0.5219,0.6804,0.0279,61.96,19.02,58.72,2.34,7.03,1.41,152.9,53.3,108.7,7.87,11.23,9.69
COLO_P0045,USDA Colorado,USDA Colorado,40.450011,-104.635856,124,0.6282,0.5002,0.0338,0.4419,0.6906,0.0661,63.98,11.45,66.06,2.13,7.25,1.43,182.6,58.5,131.6,8.18,8.73,9.44
COLO_P0046,USDA Colorado,USDA Colorado,40.451896,-104.606023,121,0.65,0.4699,0.0673,0.4855,0.6935,0.1435,63.86,16.9,69.13,2.14,7.37,1.46,179.6,65.3,114.8,7.52,9.19,9.1
COLO_P0047,USDA Colorado,USDA Colorado,40.45164,-104.619108,136,0.6819,0.4957,0.0517,0.441,0.7186,0.01,72.31,12.16,53.33,1.64,7.4,1.44,176.9,62.7,116.5,7.23,8.97,10.26
COLO_P0048,USDA Colorado,USDA Colorado,40.449891,-104.639295,116,0.574,0.4792,0.0547,0.528,0.5952,0.0401,51.04,12.28,72.61,1.82,7.36,1.4,186.9,47.5,116.4,7.08,9.09,8.67
COLO_P0049,USDA Colorado,USDA Colorado,40.457353,-104.639587,129,0.6353,0.4754,0.05,0.4656,0.6654,0.0178,69.62,14.03,57.33,1.01,7.52,1.32,187.8,70.0,117.5,8.31,9.45,8.91
COLO_P0050,USDA Colorado,USDA Colorado,40.44077,-104.613536,127,0.5866,0.4188,0.0379,0.5223,0.6815,0.0344,64.36,17.77,57.68,2.29,7.41,1.45,177.5,73.7,93.3,7.72,8.85,9.7
COLO_P0051,USDA Colorado,USDA Colorado,40.441647,-104.63594,132,0.7596,0.6175,0.0472,0.5018,0.7845,0.0376,77.47,14.14,56.4,1.45,7.28,1.32,164.8,55.9,134.6,7.92,9.31,9.81
COLO_P0052,USDA Colorado,USDA Colorado,40.458711,-104.616866,122,0.6462,0.4922,0.076,0.4403,0.7006,0.0961,69.11,12.24,62.0,1.51,6.78,1.35,195.7,44.7,99.5,7.57,9.39,9.16
COLO_P0053,USDA Colorado,USDA Colorado,40.450257,-104.607956,126,0.587,0.4815,0.044,0.5051,0.6236,0.01,60.4,18.17,56.24,1.5,6.78,1.4,189.4,66.2,109.5,7.29,9.51,8.34
COLO_P0054,USDA Colorado,USDA Colorado,40.463657,-104.641063,113,0.802,0.6027,0.0391,0.4468,0.8555,0.0503,80.03,21.72,56.79,2.71,7.03,1.36,181.7,54.6,128.4,7.37,10.57,10.15
COLO_P0055,USDA Colorado,USDA Colorado,40.456907,-104.632721,134,0.6159,0.5172,0.0564,0.4832,0.681,0.0581,69.72,18.74,58.9,1.6,7.11,1.44,188.9,64.3,133.2,7.26,9.29,9.66
COLO_P0056,USDA Colorado,USDA Colorado,40.445368,-104.6233,123,0.6306,0.5137,0.0541,0.4647,0.66,0.0477,61.56,22.81,62.62,2.32,7.49,1.41,191.5,77.6,119.7,8.14,8.9,9.87
COLO_P0057,USDA Colorado,USDA Colorado,40.458901,-104.626487,129,0.6338,0.4763,0.0518,0.525,0.6951,0.0921,64.17,21.43,63.06,1.89,6.32,1.46,168.6,47.6,103.9,8.4,9.78,9.49
COLO_P0058,USDA Colorado,USDA Colorado,40.466366,-104.626593,137,0.6018,0.4279,0.0551,0.507,0.7245,0.0339,72.63,14.79,67.59,1.53,6.81,1.34,188.4,53.6,111.5,7.81,9.64,9.58
COLO_P0059,USDA Colorado,USDA Colorado,40.457364,-104.658002,122,0.6511,0.5655,0.0614,0.4785,0.7082,0.203,68.49,18.71,67.48,1.45,7.05,1.39,171.7,58.4,112.0,7.19,9.23,9.7
COLO_P0060,USDA Colorado,USDA Colorado,40.459987,-104.650726,112,0.5405,0.4163,0.0491,0.4457,0.6289,0.046,65.13,16.18,66.61,1.62,6.82,1.42,192.0,70.3,112.4,8.0,9.52,8.8
COLO_P0061,USDA Colorado,USDA Colorado,40.449939,-104.645429,135,0.6889,0.5182,0.0569,0.4166,0.7433,0.0593,71.14,20.22,60.82,1.87,6.88,1.42,177.1,88.4,95.2,8.31,9.16,9.02
COLO_P0062,USDA Colorado,USDA Colorado,40.463916,-104.619784,135,0.5892,0.4943,0.0652,0.4868,0.6013,0.1222,55.45,16.18,53.71,2.17,6.96,1.45,189.2,62.0,125.1,8.19,8.81,9.51
COLO_P0063,USDA Colorado,USDA Colorado,40.445032,-104.656531,127,0.6213,0.5083,0.045,0.4484,0.6696,0.0225,65.24,13.74,53.62,1.69,6.84,1.37,173.5,46.9,111.6,7.79,8.05,8.73
COLO_P0064,USDA Colorado,USDA Colorado,40.456063,-104.615152,123,0.6738,0.5551,0.0318,0.3861,0.7039,0.01,66.01,21.31,66.58,1.67,6.88,1.4,190.0,57.2,101.3,7.71,9.13,8.98
COLO_P0065,USDA Colorado,USDA Colorado,40.482834,-104.626302,124,0.6308,0.4896,0.0617,0.4135,0.6529,0.0861,60.5,17.61,65.8,1.5,7.48,1.45,165.3,53.8,104.0,7.79,8.11,9.33
COLO_P0066,USDA Colorado,USDA Colorado,40.458467,-104.620687,112,0.6326,0.5405,0.08,0.5613,0.6705,0.0462,67.28,14.18,59.22,1.36,7.27,1.31,180.5,65.8,113.2,8.29,8.87,9.19
COLO_P0067,USDA Colorado,USDA Colorado,40.446951,-104.651943,110,0.5945,0.4309,0.0549,0.447,0.6298,0.1588,66.87,14.75,55.52,1.33,7.31,1.44,194.7,63.0,93.2,8.1,9.59,9.0
COLO_P0068,USDA Colorado,USDA Colorado,40.44692,-104.636915,135,0.7343,0.559,0.057,0.5341,0.7425,0.2839,70.42,14.16,57.29,2.34,7.09,1.46,187.0,51.7,120.5,7.65,8.43,9.91
COLO_P0069,USDA Colorado,USDA Colorado,40.451144,-104.633516,133,0.6639,0.5276,0.052,0.4622,0.7852,0.0357,71.96,12.99,62.79,1.66,7.38,1.35,182.9,53.3,112.8,7.64,9.37,9.52
COLO_P0070,USDA Colorado,USDA Colorado,40.462215,-104.634175,126,0.5913,0.4904,0.0709,0.542,0.6555,0.0376,62.39,14.83,62.79,1.7,7.34,1.4,207.1,57.1,128.8,7.61,9.3,9.95
COLO_P0071,USDA Colorado,USDA Colorado,40.453749,-104.633565,112,0.648,0.522,0.0542,0.5384,0.6953,0.0367,68.56,17.81,66.69,1.6,7.27,1.49,195.4,58.1,110.9,7.37,9.17,8.83
COLO_P0072,USDA Colorado,USDA Colorado,40.444218,-104.642148,123,0.5881,0.4566,0.0531,0.4387,0.6308,0.0275,61.46,16.72,59.97,1.76,6.92,1.45,192.8,59.7,97.0,8.34,8.9,8.62
COLO_P0073,USDA Colorado,USDA Colorado,40.444196,-104.635972,112,0.7175,0.5478,0.0641,0.3806,0.7936,0.1065,80.36,14.97,60.9,2.07,6.98,1.44,189.9,60.4,95.6,7.48,9.72,9.55
COLO_P0074,USDA Colorado,USDA Colorado,40.453825,-104.622497,122,0.649,0.5355,0.0502,0.3848,0.7513,0.0996,74.45,21.73,67.06,1.68,7.4,1.47,191.7,69.9,105.3,8.0,9.73,9.71
COLO_P0075,USDA Colorado,USDA Colorado,40.452509,-104.655498,124,0.5961,0.4841,0.0422,0.4396,0.6567,0.0456,59.18,9.46,52.44,1.98,6.96,1.51,204.9,56.8,106.6,7.54,9.26,10.31
COLO_P0076,USDA Colorado,USDA Colorado,40.45746,-104.614794,127,0.6714,0.5018,0.0638,0.5745,0.715,0.01,66.92,17.57,63.43,2.54,6.74,1.42,173.7,55.7,103.2,7.61,9.09,10.04
COLO_P0077,USDA Colorado,USDA Colorado,40.46301,-104.623272,123,0.6275,0.4668,0.0491,0.4595,0.7117,0.0259,63.49,16.0,60.5,1.53,6.95,1.4,195.1,49.3,111.5,7.75,9.92,9.62
COLO_P0078,USDA Colorado,USDA Colorado,40.484728,-104.652478,130,0.582,0.4403,0.0452,0.4873,0.6263,0.0242,64.13,13.1,65.21,1.7,7.54,1.47,185.3,58.2,102.9,8.02,8.35,9.02
COLO_P0079,USDA Colorado,USDA Colorado,40.434456,-104.632242,135,0.6571,0.4957,0.076,0.5452,0.7102,0.1167,61.21,17.78,64.31,2.19,6.95,1.41,174.3,62.0,113.1,7.7,9.8,8.97
COLO_P0080,USDA Colorado,USDA Colorado,40.460242,-104.624478,112,0.6559,0.5373,0.0532,0.4855,0.7259,0.01,65.2,15.73,58.87,2.57,7.19,1.37,178.5,46.2,103.8,7.34,9.66,10.03
COLO_P0081,USDA Colorado,USDA Colorado,40.45318,-104.656529,128,0.6912,0.55,0.0599,0.4838,0.7196,0.1147,67.29,20.86,59.72,1.34,6.93,1.39,183.3,57.3,117.6,7.81,9.5,10.08
COLO_P0082,USDA Colorado,USDA Colorado,40.429865,-104.63737,117,0.6429,0.5154,0.0553,0.5111,0.6206,0.0774,61.55,19.54,51.64,1.13,7.31,1.44,167.1,69.3,106.3,7.49,9.19,8.54
COLO_P0083,USDA Colorado,USDA Colorado,40.466994,-104.639178,113,0.6448,0.5077,0.0461,0.4944,0.6718,0.0923,62.66,23.17,65.37,1.9,7.25,1.4,193.0,65.2,125.0,8.42,8.06,9.25
COLO_P0084,USDA Colorado,USDA Colorado,40.457054,-104.647684,113,0.6472,0.5108,0.0619,0.475,0.7104,0.0396,66.92,14.81,63.08,1.85,6.68,1.4,178.5,63.0,117.8,7.7,10.26,9.31
COLO_P0085,USDA Colorado,USDA Colorado,40.461598,-104.636615,128,0.7118,0.5156,0.0581,0.4439,0.7729,0.0797,72.99,21.39,68.29,2.22,7.18,1.37,181.3,65.0,112.3,7.53,10.01,10.02
COLO_P0086,USDA Colorado,USDA Colorado,40.431607,-104.647004,120,0.626,0.5082,0.0484,0.4839,0.7063,0.0657,68.41,12.42,60.2,2.15,6.63,1.49,200.4,55.4,107.5,8.59,8.72,9.84
COLO_P0087,USDA Colorado,USDA Colorado,40.449355,-104.617385,110,0.6611,0.5016,0.0593,0.5347,0.6892,0.1026,61.89,16.11,66.11,1.88,6.94,1.4,181.9,54.3,91.8,8.1,9.81,9.75
COLO_P0088,USDA Colorado,USDA Colorado,40.43905,-104.6474,117,0.6678,0.52,0.0499,0.5691,0.7552,0.0414,69.18,14.87,57.19,2.37,7.1,1.38,203.3,70.2,127.0,7.44,9.56,10.07
COLO_P0089,USDA Colorado,USDA Colorado,40.477957,-104.62612,124,0.6557,0.4996,0.044,0.4946,0.7013,0.0448,73.21,18.61,49.83,1.59,7.62,1.39,172.1,66.6,101.8,7.48,8.96,9.02
COLO_P0090,USDA Colorado,USDA Colorado,40.465735,-104.662831,110,0.6243,0.4906,0.0429,0.5178,0.6825,0.0722,66.93,18.52,61.57,2.0,7.19,1.46,163.5,54.0,111.1,7.99,10.08,9.27
COLO_P0091,USDA Colorado,USDA Colorado,40.443828,-104.640427,116,0.6454,0.5178,0.0577,0.4935,0.7125,0.01,71.07,13.35,59.45,1.35,6.89,1.45,175.7,45.0,114.1,7.82,9.08,8.92
COLO_P0092,USDA Colorado,USDA Colorado,40.43356,-104.637815,130,0.6358,0.4707,0.0512,0.4756,0.6343,0.0401,61.1,18.8,57.27,1.88,7.01,1.39,137.8,54.2,107.8,8.16,10.1,9.35
COLO_P0093,USDA Colorado,USDA Colorado,40.454329,-104.640914,129,0.7282,0.5743,0.07,0.5057,0.738,0.2502,70.36,15.17,66.04,1.24,7.36,1.42,193.6,64.3,126.3,7.53,9.75,9.73
COLO_P0094,USDA Colorado,USDA Colorado,40.465109,-104.643945,129,0.6194,0.4719,0.0546,0.5395,0.6283,0.01,61.91,13.64,67.44,1.4,6.89,1.43,164.4,54.7,95.3,8.08,9.83,8.29
COLO_P0095,USDA Colorado,USDA Colorado,40.431179,-104.648013,133,0.5989,0.5002,0.0471,0.4357,0.6711,0.0266,66.97,16.46,62.47,2.67,7.41,1.38,170.7,62.6,130.8,6.9,9.66,9.27
COLO_P0096,USDA Colorado,USDA Colorado,40.440819,-104.626682,120,0.6397,0.4711,0.0566,0.4074,0.6706,0.0264,67.33,11.33,61.18,1.08,6.95,1.34,190.7,71.4,118.1,7.74,9.63,9.22
COLO_P0097,USDA Colorado,USDA Colorado,40.438733,-104.623008,136,0.6365,0.4714,0.0421,0.4533,0.7374,0.0703,70.35,19.76,62.28,1.8,6.84,1.45,181.8,59.3,107.0,7.55,9.54,9.52
COLO_P0098,USDA Colorado,USDA Colorado,40.462403,-104.639232,123,0.6489,0.4971,0.0542,0.4906,0.689,0.01,69.48,16.31,59.06,2.27,6.96,1.39,173.4,61.9,107.2,7.62,8.84,9.59
COLO_P0099,USDA Colorado,USDA Colorado,40.447562,-104.65445,131,0.6194,0.46,0.0582,0.5235,0.6153,0.0693,50.43,16.38,64.53,2.9,6.65,1.44,149.5,65.5,83.4,7.76,9.22,9.18
COLO_P0100,USDA Colorado,USDA Colorado,40.448065,-104.611091,125,0.645,0.4975,0.057,0.4305,0.6648,0.01,66.94,16.19,55.07,1.98,6.49,1.44,199.5,51.3,99.8,8.26,9.87,9.76
COLO_P0101,USDA Colorado,USDA Colorado,40.454096,-104.651197,123,0.6458,0.4906,0.068,0.3556,0.6894,0.01,64.68,22.26,57.17,2.01,7.08,1.42,190.8,53.8,105.8,7.34,9.78,9.47
COLO_P0102,USDA Colorado,USDA Colorado,40.441461,-104.659891,121,0.6808,0.5332,0.081,0.4545,0.7362,0.0912,72.61,21.82,58.44,1.92,7.08,1.4,210.8,65.8,112.1,6.92,9.73,10.14
COLO_P0103,USDA Colorado,USDA Colorado,40.434676,-104.668189,126,0.6442,0.5277,0.0617,0.4703,0.6546,0.0274,60.57,21.23,64.44,2.38,7.17,1.39,171.1,60.3,125.1,7.38,7.89,9.73
COLO_P0104,USDA Colorado,USDA Colorado,40.468436,-104.636508,123,0.6446,0.5046,0.0668,0.4219,0.7017,0.2654,62.72,16.2,60.64,2.09,7.08,1.36,158.2,61.0,134.5,8.21,9.2,9.87
COLO_P0105,USDA Colorado,USDA Colorado,40.46955,-104.641261,119,0.6632,0.5214,0.0804,0.4422,0.7283,0.01,71.11,12.6,68.12,1.64,7.75,1.39,194.9,60.3,113.3,7.14,9.18,9.29
COLO_P0106,USDA Colorado,USDA Colorado,40.454155,-104.622536,133,0.679,0.5032,0.0449,0.5234,0.6998,0.0412,61.93,16.44,65.61,2.4,7.15,1.45,177.2,67.8,112.5,7.57,8.62,9.61
COLO_P0107,USDA Colorado,USDA Colorado,40.455026,-104.628834,123,0.5957,0.4613,0.0563,0.4839,0.6948,0.01,65.3,17.6,58.4,1.69,6.71,1.49,189.4,63.5,104.1,8.14,9.91,8.87
COLO_P0108,USDA Colorado,USDA Colorado,40.467132,-104.633647,127,0.5836,0.4447,0.0502,0.4973,0.6077,0.0303,55.49,19.34,64.85,1.18,6.79,1.48,204.3,63.6,89.4,7.78,7.85,9.73
COLO_P0109,USDA Colorado,USDA Colorado,40.45388,-104.642071,131,0.7163,0.5758,0.0634,0.4622,0.7263,0.32,69.11,17.59,60.16,1.18,7.1,1.43,185.8,69.8,102.7,8.25,9.93,8.48
COLO_P0110,USDA Colorado,USDA Colorado,40.446971,-104.62135,118,0.6717,0.5048,0.0577,0.4423,0.6658,0.1538,66.71,12.91,64.13,1.81,6.98,1.49,182.5,72.9,107.5,6.99,10.14,9.96
COLO_P0111,USDA Colorado,USDA Colorado,40.452472,-104.609989,126,0.6301,0.47,0.0468,0.4619,0.7067,0.01,66.13,14.63,65.83,1.95,6.76,1.4,183.5,77.9,121.7,7.67,9.21,9.49
COLO_P0112,USDA Colorado,USDA Colorado,40.468718,-104.622865,115,0.6409,0.5078,0.0551,0.5049,0.6816,0.058,66.53,14.31,67.02,2.33,7.08,1.36,155.4,55.4,116.2,8.33,9.25,9.44
COLO_P0113,USDA Colorado,USDA Colorado,40.45264,-104.644953,117,0.6223,0.5349,0.0655,0.4054,0.648,0.0731,64.79,18.39,62.91,2.19,7.09,1.52,196.6,79.8,112.7,7.35,9.87,9.57
COLO_P0114,USDA Colorado,USDA Colorado,40.443967,-104.626277,135,0.6495,0.5022,0.042,0.5625,0.6453,0.0165,59.82,18.47,69.2,1.94,7.55,1.45,197.6,51.2,103.0,8.21,8.74,9.45
COLO_P0115,USDA Colorado,USDA Colorado,40.453764,-104.644031,122,0.5963,0.4693,0.047,0.5087,0.6246,0.011,57.89,18.93,63.99,2.36,6.84,1.34,188.0,75.5,86.2,7.71,9.63,9.71
COLO_P0116,USDA Colorado,USDA Colorado,40.459875,-104.654576,127,0.6778,0.5524,0.0455,0.4532,0.7893,0.1643,80.56,17.55,62.61,1.91,6.98,1.5,157.3,54.9,86.9,7.97,8.9,8.79
COLO_P0117,USDA Colorado,USDA Colorado,40.458435,-104.651486,114,0.6479,0.5181,0.0583,0.5207,0.6236,0.2428,59.58,9.29,60.64,1.32,7.55,1.38,178.2,59.4,90.0,8.31,8.41,8.6
COLO_P0118,USDA Colorado,USDA Colorado,40.458634,-104.643373,115,0.6495,0.5195,0.0674,0.5411,0.6706,0.32,66.16,10.46,59.16,1.22,7.19,1.39,201.6,60.1,106.5,7.97,9.48,8.91
COLO_P0119,USDA Colorado,USDA Colorado,40.44208,-104.636441,130,0.5998,0.4654,0.0349,0.4635,0.6936,0.1092,68.34,16.01,63.89,2.48,6.84,1.47,171.5,53.1,121.9,7.56,9.31,9.7
COLO_P0120,USDA Colorado,USDA Colorado,40.461241,-104.607091,128,0.6636,0.5157,0.0559,0.4692,0.7411,0.0762,66.95,16.84,62.45,0.89,6.9,1.49,197.8,60.7,121.6,8.02,8.29,9.24
COLO_P0121,USDA Colorado,USDA Colorado,40.452342,-104.651225,113,0.6008,0.4498,0.0458,0.5547,0.6237,0.0297,57.21,20.89,63.17,1.81,6.76,1.37,180.8,53.5,119.5,7.54,10.12,9.34
COLO_P0122,USDA Colorado,USDA Colorado,40.443459,-104.618148,116,0.6089,0.4871,0.0651,0.5859,0.655,0.0132,64.19,16.77,64.16,3.24,7.12,1.49,190.7,50.1,103.8,7.91,8.99,10.11
COLO_P0123,USDA Colorado,USDA Colorado,40.461146,-104.642759,113,0.6439,0.5139,0.0526,0.4815,0.6978,0.01,59.76,13.08,63.15,2.11,7.39,1.46,173.8,59.7,123.7,7.3,9.66,9.83
COLO_P0124,USDA Colorado,USDA Colorado,40.446556,-104.668246,134,0.7528,0.6051,0.0563,0.4221,0.7968,0.0827,75.76,18.82,71.06,1.81,7.56,1.38,181.3,72.7,98.8,7.81,10.55,9.43
COLO_P0125,USDA Colorado,USDA Colorado,40.433108,-104.645586,120,0.6477,0.493,0.055,0.4565,0.7412,0.1075,68.13,16.44,59.62,1.14,6.68,1.41,186.6,58.0,120.2,8.28,9.57,9.23
COLO_P0126,USDA Colorado,USDA Colorado,40.439993,-104.62035,121,0.5244,0.4298,0.0662,0.5317,0.5746,0.1226,59.05,15.09,63.95,2.63,7.34,1.5,163.8,67.5,89.9,7.68,9.94,9.55
COLO_P0127,USDA Colorado,USDA Colorado,40.44982,-104.63283,123,0.6111,0.505,0.0755,0.4285,0.6852,0.1715,66.99,10.85,60.98,2.45,7.15,1.34,184.1,53.2,95.9,8.24,8.75,10.04
COLO_P0128,USDA Colorado,USDA Colorado,40.45894,-104.631933,122,0.6708,0.4928,0.0437,0.4696,0.7162,0.1484,72.93,16.8,50.92,2.21,7.03,1.49,139.7,49.7,129.8,9.04,10.29,8.52
COLO_P0129,USDA Colorado,USDA Colorado,40.441631,-104.618072,119,0.5892,0.4522,0.0455,0.4946,0.5682,0.32,54.41,17.3,61.13,1.9,6.98,1.46,171.0,63.6,107.6,7.79,8.56,8.46
COLO_P0130,USDA Colorado,USDA Colorado,40.449112,-104.653545,127,0.6774,0.5577,0.0582,0.4339,0.6816,0.0196,65.04,13.01,57.79,2.16,6.56,1.45,188.2,74.0,101.8,8.05,8.93,9.62
BUSH_P0001,USDA Bushland,USDA Bushland,35.184182,-102.065503,111,0.619,0.4703,0.0725,0.4,0.6494,0.0679,65.41,33.26,24.59,2.59,6.8,1.43,165.6,59.9,114.4,7.52,8.61,8.29
BUSH_P0002,USDA Bushland,USDA Bushland,35.186215,-102.045058,132,0.5643,0.4532,0.0671,0.4388,0.6198,0.1198,55.63,30.32,30.46,0.91,6.97,1.48,169.7,50.2,91.8,6.95,8.31,8.25
BUSH_P0003,USDA Bushland,USDA Bushland,35.196554,-102.042119,132,0.5821,0.4684,0.0591,0.4496,0.5647,0.1003,53.44,34.14,24.19,1.55,7.51,1.41,156.4,35.9,103.0,8.06,7.4,7.34
BUSH_P0004,USDA Bushland,USDA Bushland,35.190473,-102.049414,112,0.5857,0.4279,0.0642,0.5347,0.6139,0.3095,60.99,35.54,23.26,2.08,7.65,1.46,135.5,56.5,101.7,7.33,7.91,7.87
BUSH_P0005,USDA Bushland,USDA Bushland,35.191172,-102.04974,123,0.6385,0.4956,0.0357,0.5414,0.7251,0.01,58.35,34.59,33.49,2.33,6.82,1.39,167.8,65.3,108.1,7.07,8.3,8.75
BUSH_P0006,USDA Bushland,USDA Bushland,35.195047,-102.11338,116,0.5709,0.4754,0.0468,0.4977,0.6093,0.0403,59.37,27.58,25.83,1.5,7.74,1.56,165.9,51.2,118.1,7.49,8.43,7.09
BUSH_P0007,USDA Bushland,USDA Bushland,35.19989,-102.055332,124,0.6434,0.48,0.0507,0.4539,0.6985,0.0207,68.1,33.28,20.06,1.41,7.48,1.42,195.6,51.9,107.2,7.47,7.81,8.59
BUSH_P0008,USDA Bushland,USDA Bushland,35.150328,-102.049057,126,0.5493,0.4492,0.0469,0.4345,0.5706,0.01,50.8,33.55,20.67,1.87,7.33,1.48,180.0,43.8,107.3,6.4,8.47,7.51
BUSH_P0009,USDA Bushland,USDA Bushland,35.18236,-102.081077,110,0.6021,0.4614,0.0395,0.5369,0.6499,0.1697,63.53,31.67,24.59,2.66,7.17,1.39,163.8,48.1,105.1,7.39,8.41,8.86
BUSH_P0010,USDA Bushland,USDA Bushland,35.176404,-102.061868,118,0.5591,0.4652,0.0592,0.4158,0.648,0.32,62.88,34.1,15.0,1.11,7.8,1.44,172.1,54.0,114.7,7.45,8.84,7.38
BUSH_P0011,USDA Bushland,USDA Bushland,35.192704,-102.077641,131,0.6402,0.5431,0.0689,0.4748,0.6454,0.0139,62.08,33.97,21.65,1.66,7.6,1.49,183.6,59.1,98.2,7.25,7.77,8.6
BUSH_P0012,USDA Bushland,USDA Bushland,35.181455,-102.046587,123,0.5532,0.3813,0.0549,0.5982,0.6588,0.01,67.4,32.68,24.05,1.92,7.49,1.51,177.8,53.6,87.5,6.87,8.09,8.12
BUSH_P0013,USDA Bushland,USDA Bushland,35.18791,-102.07634,125,0.5577,0.4016,0.0615,0.454,0.5514,0.0225,56.01,29.49,23.75,1.44,7.15,1.49,195.0,64.5,112.7,6.88,9.1,7.74
BUSH_P0014,USDA Bushland,USDA Bushland,35.197226,-102.073893,137,0.5335,0.4051,0.0546,0.4164,0.5589,0.1261,55.89,32.91,18.84,1.44,7.8,1.44,158.2,50.8,109.5,7.61,7.58,7.63
BUSH_P0015,USDA Bushland,USDA Bushland,35.179764,-102.068961,130,0.5946,0.5005,0.0506,0.3917,0.6096,0.0244,54.93,39.53,22.48,1.69,7.36,1.42,184.6,41.0,120.9,7.7,7.36,7.68
BUSH_P0016,USDA Bushland,USDA Bushland,35.191354,-102.028259,122,0.6166,0.4943,0.0642,0.6002,0.6484,0.01,62.19,31.63,29.81,1.93,7.43,1.4,163.7,41.3,75.9,7.22,7.92,8.22
BUSH_P0017,USDA Bushland,USDA Bushland,35.205646,-102.04693,115,0.6117,0.446,0.0407,0.4974,0.6263,0.01,64.27,36.67,28.88,1.71,7.37,1.53,172.9,59.9,103.8,7.55,7.14,8.46
BUSH_P0018,USDA Bushland,USDA Bushland,35.196979,-102.037811,131,0.5835,0.4721,0.0364,0.4365,0.5958,0.039,56.44,33.14,24.93,2.46,7.14,1.46,161.6,58.1,106.3,7.22,9.33,8.77
BUSH_P0019,USDA Bushland,USDA Bushland,35.167971,-102.089197,110,0.5603,0.4142,0.0406,0.4705,0.5647,0.188,59.65,30.2,24.19,2.07,7.44,1.46,167.9,36.8,86.9,7.06,8.0,7.85
BUSH_P0020,USDA Bushland,USDA Bushland,35.183499,-102.081039,130,0.5775,0.4722,0.0635,0.4469,0.6368,0.0236,63.47,31.96,23.77,1.97,7.55,1.51,173.2,48.3,104.0,7.49,8.13,8.19
BUSH_P0021,USDA Bushland,USDA Bushland,35.19127,-102.041921,134,0.5792,0.4652,0.0559,0.3868,0.612,0.039,64.74,32.94,25.56,2.26,7.23,1.48,178.9,48.6,119.2,6.94,8.75,7.86
BUSH_P0022,USDA Bushland,USDA Bushland,35.193633,-102.088402,113,0.6014,0.4461,0.0588,0.5194,0.6264,0.01,56.4,35.29,24.96,1.98,7.42,1.44,170.9,44.0,130.0,8.16,7.82,7.93
BUSH_P0023,USDA Bushland,USDA Bushland,35.183972,-102.072075,112,0.5983,0.465,0.0718,0.4817,0.6467,0.0476,61.55,41.33,25.96,1.6,7.37,1.49,132.7,38.7,116.8,6.82,8.19,7.03
BUSH_P0024,USDA Bushland,USDA Bushland,35.179323,-102.03117,126,0.6683,0.5519,0.0434,0.5152,0.6634,0.0835,63.48,33.19,26.76,1.68,7.61,1.42,168.8,43.8,101.1,7.51,7.87,8.47
BUSH_P0025,USDA Bushland,USDA Bushland,35.187813,-102.076452,111,0.5918,0.4143,0.067,0.4803,0.641,0.0221,63.66,28.69,19.05,1.29,7.27,1.37,192.1,42.4,120.1,7.46,7.18,8.51
BUSH_P0026,USDA Bushland,USDA Bushland,35.173957,-102.089315,128,0.6062,0.4804,0.051,0.4866,0.6434,0.0246,59.18,27.21,23.1,2.7,7.41,1.52,168.7,38.9,115.9,7.42,8.36,8.48
BUSH_P0027,USDA Bushland,USDA Bushland,35.200197,-102.061288,129,0.5932,0.435,0.0495,0.3683,0.6313,0.1292,54.98,31.52,25.39,2.22,7.47,1.42,192.5,56.6,99.2,7.99,8.97,8.18
BUSH_P0028,USDA Bushland,USDA Bushland,35.209424,-102.088696,132,0.5753,0.4483,0.0558,0.5254,0.6309,0.01,61.89,29.05,20.15,0.8,7.26,1.43,168.2,52.3,98.0,6.33,8.35,7.77
BUSH_P0029,USDA Bushland,USDA Bushland,35.191736,-102.043441,131,0.6059,0.4841,0.0574,0.4256,0.6952,0.0708,65.46,34.95,21.47,2.4,7.12,1.44,146.4,46.3,103.0,7.56,9.02,8.06
BUSH_P0030,USDA Bushland,USDA Bushland,35.184211,-102.075423,136,0.5711,0.4958,0.0529,0.4384,0.6208,0.035,57.95,34.98,23.52,1.14,7.16,1.42,163.5,33.4,92.4,7.29,7.57,8.07
BUSH_P0031,USDA Bushland,USDA Bushland,35.198291,-102.078429,117,0.5874,0.4575,0.0611,0.4536,0.6214,0.0248,57.23,32.49,23.74,2.03,7.46,1.51,161.6,47.6,101.3,7.63,7.79,8.96
BUSH_P0032,USDA Bushland,USDA Bushland,35.196263,-102.061559,134,0.6422,0.5375,0.0559,0.3771,0.6467,0.075,62.52,35.3,25.47,0.81,7.28,1.47,166.6,54.2,110.8,7.42,7.49,7.41
BUSH_P0033,USDA Bushland,USDA Bushland,35.183694,-102.068067,124,0.5682,0.4222,0.053,0.4509,0.5364,0.126,47.73,33.23,20.68,1.61,7.28,1.43,152.2,44.1,117.5,7.37,8.37,7.25
BUSH_P0034,USDA Bushland,USDA Bushland,35.186426,-102.058215,115,0.6074,0.4614,0.0508,0.4474,0.6513,0.0572,61.84,39.54,28.86,2.4,7.52,1.39,169.9,40.8,100.5,6.92,8.13,7.92
BUSH_P0035,USDA Bushland,USDA Bushland,35.179686,-102.054177,132,0.4783,0.3878,0.0574,0.4611,0.4806,0.01,43.23,35.19,23.7,2.43,7.64,1.47,165.1,49.0,121.7,7.13,7.8,7.96
BUSH_P0036,USDA Bushland,USDA Bushland,35.188976,-102.065259,129,0.5817,0.4587,0.0414,0.3949,0.5455,0.0433,50.23,36.13,25.15,1.94,7.68,1.33,189.3,52.7,112.8,8.65,8.58,8.24
BUSH_P0037,USDA Bushland,USDA Bushland,35.190587,-102.079422,111,0.5679,0.4347,0.0443,0.5264,0.5973,0.0435,58.58,27.93,22.84,2.15,7.18,1.46,151.8,34.0,113.3,7.64,7.93,7.91
BUSH_P0038,USDA Bushland,USDA Bushland,35.177638,-102.051042,134,0.5954,0.4555,0.0513,0.4999,0.6426,0.0549,63.97,28.9,25.56,1.16,7.61,1.52,173.7,60.8,94.0,7.82,9.02,7.92
BUSH_P0039,USDA Bushland,USDA Bushland,35.174104,-102.072401,134,0.5794,0.4852,0.0604,0.4368,0.6417,0.0778,60.53,34.68,32.02,2.04,7.93,1.45,176.2,40.0,126.7,7.26,8.47,7.95
BUSH_P0040,USDA Bushland,USDA Bushland,35.171088,-102.075036,124,0.5964,0.458,0.0764,0.4509,0.6682,0.01,67.54,27.58,22.79,2.18,7.39,1.51,181.6,46.6,111.6,7.06,8.13,7.92
BUSH_P0041,USDA Bushland,USDA Bushland,35.191998,-102.05986,129,0.573,0.4214,0.0534,0.5219,0.6392,0.0488,57.96,30.81,22.05,2.96,7.33,1.39,164.5,59.5,101.0,7.71,7.31,8.35
BUSH_P0042,USDA Bushland,USDA Bushland,35.186862,-102.09093,121,0.6074,0.4524,0.0373,0.4671,0.6745,0.0621,59.43,37.13,20.76,1.52,7.27,1.55,173.3,51.0,98.9,6.64,8.81,7.4
BUSH_P0043,USDA Bushland,USDA Bushland,35.185997,-102.056137,112,0.5128,0.4168,0.0471,0.418,0.5088,0.0294,44.17,30.74,24.23,1.81,7.05,1.5,175.3,58.8,101.3,7.14,8.27,7.5
BUSH_P0044,USDA Bushland,USDA Bushland,35.192574,-102.059064,119,0.595,0.5205,0.0616,0.4758,0.6305,0.0773,56.77,28.77,24.18,1.84,7.59,1.47,145.3,62.4,92.8,7.26,8.52,8.08
BUSH_P0045,USDA Bushland,USDA Bushland,35.176188,-102.045173,123,0.5478,0.4142,0.0453,0.4256,0.6052,0.0181,53.51,35.34,24.73,2.11,7.33,1.42,165.1,38.3,116.9,7.78,8.49,8.17
BUSH_P0046,USDA Bushland,USDA Bushland,35.174157,-102.069506,136,0.6426,0.5549,0.0419,0.4446,0.6839,0.0267,72.73,40.26,26.61,2.2,7.31,1.41,169.5,57.2,94.0,7.57,8.05,7.9
BUSH_P0047,USDA Bushland,USDA Bushland,35.189893,-102.042128,131,0.5471,0.4265,0.0615,0.4775,0.5825,0.2303,50.49,30.17,26.04,2.28,7.54,1.45,171.3,60.6,108.5,7.21,8.12,8.67
BUSH_P0048,USDA Bushland,USDA Bushland,35.166256,-102.054055,123,0.6348,0.4881,0.0596,0.5328,0.6756,0.0299,68.14,37.28,24.4,2.24,7.57,1.51,171.1,47.0,99.6,7.55,8.08,8.47
BUSH_P0049,USDA Bushland,USDA Bushland,35.183892,-102.062402,112,0.5895,0.437,0.0403,0.5812,0.6368,0.0298,61.05,29.73,33.29,1.13,7.18,1.38,176.6,47.6,113.0,7.28,9.12,7.38
BUSH_P0050,USDA Bushland,USDA Bushland,35.216597,-102.03475,110,0.5077,0.3911,0.0461,0.5481,0.5454,0.0634,53.14,32.61,27.61,0.8,7.19,1.45,199.1,34.7,114.7,7.83,7.97,7.56
BUSH_P0051,USDA Bushland,USDA Bushland,35.170818,-102.060572,129,0.5506,0.4105,0.0674,0.4764,0.5652,0.2478,51.09,32.76,19.6,1.57,7.18,1.49,161.1,56.2,97.3,7.49,7.78,7.48
BUSH_P0052,USDA Bushland,USDA Bushland,35.181843,-102.069776,110,0.6282,0.469,0.0635,0.5929,0.6171,0.2855,60.38,30.26,17.55,1.78,7.94,1.5,175.7,29.7,104.6,8.09,9.13,7.79
BUSH_P0053,USDA Bushland,USDA Bushland,35.161525,-102.060142,111,0.6256,0.4467,0.043,0.5079,0.6595,0.0607,60.11,36.06,21.37,1.52,7.76,1.49,189.5,57.8,87.7,7.29,9.14,8.64
BUSH_P0054,USDA Bushland,USDA Bushland,35.184195,-102.070085,128,0.5315,0.4587,0.0351,0.431,0.5733,0.01,58.26,27.61,25.19,1.59,7.55,1.38,143.0,38.7,125.4,7.89,8.35,7.11
BUSH_P0055,USDA Bushland,USDA Bushland,35.210598,-102.056395,133,0.6603,0.5417,0.0577,0.4847,0.7017,0.1616,70.88,33.68,20.99,1.65,7.24,1.51,174.0,61.1,117.8,7.44,8.34,8.53
BUSH_P0056,USDA Bushland,USDA Bushland,35.192603,-102.04219,119,0.5889,0.4661,0.052,0.4472,0.6575,0.0591,62.65,36.76,21.68,2.06,7.28,1.45,144.8,53.2,88.3,7.12,8.1,7.53
BUSH_P0057,USDA Bushland,USDA Bushland,35.179635,-102.06212,113,0.6298,0.4877,0.0568,0.4176,0.7037,0.0319,67.32,35.77,24.62,1.33,7.45,1.4,202.8,58.1,94.6,8.44,8.4,8.55
BUSH_P0058,USDA Bushland,USDA Bushland,35.213177,-102.060648,113,0.5355,0.4175,0.0613,0.4213,0.5723,0.1237,56.46,34.72,22.96,1.76,7.97,1.45,177.8,43.5,103.4,7.92,7.63,8.09
BUSH_P0059,USDA Bushland,USDA Bushland,35.166092,-102.050033,122,0.5695,0.4248,0.0454,0.4726,0.6066,0.0357,59.57,38.55,15.29,1.77,7.43,1.35,175.8,39.3,105.5,7.49,8.57,8.22
BUSH_P0060,USDA Bushland,USDA Bushland,35.192447,-102.044191,135,0.6087,0.4465,0.0507,0.5177,0.6659,0.01,67.51,32.23,29.35,2.05,7.49,1.48,141.9,35.9,96.8,7.71,9.44,8.07
BUSH_P0061,USDA Bushland,USDA Bushland,35.187779,-102.06879,118,0.5759,0.4671,0.046,0.5334,0.6287,0.1205,63.84,27.66,28.3,2.32,6.64,1.44,162.4,58.7,91.3,6.97,8.66,8.28
BUSH_P0062,USDA Bushland,USDA Bushland,35.184036,-102.059415,116,0.4586,0.3511,0.0464,0.4178,0.4853,0.0553,46.49,33.47,18.72,2.56,7.42,1.39,162.5,55.3,109.7,6.98,7.32,7.48
BUSH_P0063,USDA Bushland,USDA Bushland,35.196685,-102.049966,125,0.5814,0.4616,0.0606,0.4648,0.6412,0.0289,59.88,32.56,24.76,1.46,6.96,1.44,196.5,55.6,125.9,7.85,8.62,7.94
BUSH_P0064,USDA Bushland,USDA Bushland,35.172816,-102.057051,127,0.5016,0.3497,0.0564,0.5043,0.5372,0.0202,54.41,25.59,19.48,0.9,7.21,1.41,180.9,52.3,105.7,7.4,8.26,7.59
BUSH_P0065,USDA Bushland,USDA Bushland,35.190751,-102.089931,112,0.5418,0.4147,0.0394,0.4876,0.5781,0.0631,54.95,29.06,21.76,1.69,7.36,1.42,145.2,54.4,101.5,7.34,8.5,7.1
BUSH_P0066,USDA Bushland,USDA Bushland,35.189228,-102.047259,129,0.5269,0.3821,0.0623,0.5147,0.5799,0.0163,56.07,28.62,26.69,1.09,7.27,1.34,177.0,47.7,100.2,7.28,7.68,7.05
BUSH_P0067,USDA Bushland,USDA Bushland,35.176548,-102.054157,129,0.641,0.5121,0.0515,0.4583,0.6719,0.0274,66.36,30.15,28.15,3.03,7.17,1.37,147.5,53.0,91.8,7.46,8.38,9.3
BUSH_P0068,USDA Bushland,USDA Bushland,35.2104,-102.053091,119,0.6551,0.5358,0.0627,0.5436,0.6979,0.0708,70.42,31.77,28.04,1.41,7.17,1.44,145.6,43.1,96.9,7.3,9.0,7.87
BUSH_P0069,USDA Bushland,USDA Bushland,35.184818,-102.079882,133,0.6054,0.5087,0.0449,0.4798,0.6543,0.1493,63.73,31.9,25.6,2.05,7.29,1.43,176.8,47.3,118.6,6.59,7.65,8.77
BUSH_P0070,USDA Bushland,USDA Bushland,35.185336,-102.059714,135,0.5796,0.4364,0.0457,0.5179,0.6442,0.0533,59.78,30.27,30.24,2.22,7.28,1.5,181.2,74.3,80.1,7.97,8.03,8.89
BUSH_P0071,USDA Bushland,USDA Bushland,35.174668,-102.04935,135,0.5913,0.433,0.0575,0.461,0.6537,0.0996,69.05,28.61,21.75,1.95,7.36,1.42,176.9,50.3,105.8,7.36,8.16,8.39
BUSH_P0072,USDA Bushland,USDA Bushland,35.18504,-102.075209,131,0.6409,0.4895,0.044,0.4829,0.6889,0.1008,71.49,34.32,22.75,2.73,7.33,1.42,198.2,34.2,105.3,8.13,9.06,9.02
BUSH_P0073,USDA Bushland,USDA Bushland,35.215017,-102.071308,125,0.5007,0.3731,0.0523,0.4002,0.4625,0.0764,40.84,33.41,15.0,1.71,7.71,1.43,175.5,46.7,106.4,6.7,8.74,7.44
BUSH_P0074,USDA Bushland,USDA Bushland,35.183967,-102.049093,112,0.5416,0.4332,0.0429,0.4382,0.5889,0.0198,53.35,33.51,24.08,1.42,6.78,1.44,172.6,41.5,113.7,6.69,6.98,8.56
BUSH_P0075,USDA Bushland,USDA Bushland,35.193224,-102.072007,120,0.6352,0.4604,0.0511,0.4696,0.6871,0.1411,63.21,39.23,27.11,1.4,7.42,1.45,151.8,51.3,105.7,7.29,9.05,7.68
BUSH_P0076,USDA Bushland,USDA Bushland,35.198407,-102.065128,134,0.6446,0.4589,0.0547,0.485,0.7026,0.0401,70.42,33.57,25.78,2.14,7.37,1.43,182.9,42.9,99.6,7.79,9.2,8.77
BUSH_P0077,USDA Bushland,USDA Bushland,35.184823,-102.077519,119,0.6165,0.4722,0.0552,0.6141,0.6279,0.01,66.7,31.72,21.69,1.71,7.31,1.48,145.2,48.3,97.1,6.91,9.02,8.12
BUSH_P0078,USDA Bushland,USDA Bushland,35.182085,-102.034701,125,0.543,0.4417,0.0514,0.4609,0.5193,0.0196,48.08,32.63,28.3,1.4,7.15,1.57,200.3,44.1,120.6,6.9,7.76,8.12
BUSH_P0079,USDA Bushland,USDA Bushland,35.192667,-102.054191,117,0.6345,0.4692,0.0583,0.4112,0.6987,0.1015,67.67,33.35,24.17,2.0,7.31,1.41,183.1,51.6,117.5,7.55,8.27,9.08
BUSH_P0080,USDA Bushland,USDA Bushland,35.184105,-102.065831,118,0.6513,0.5292,0.0565,0.5651,0.6545,0.01,60.2,35.16,27.95,2.12,6.89,1.47,211.8,45.0,139.5,7.27,7.33,8.85
BUSH_P0081,USDA Bushland,USDA Bushland,35.183018,-102.068636,124,0.6223,0.4945,0.0541,0.5339,0.699,0.0112,73.05,32.84,26.69,1.92,7.41,1.45,175.8,52.9,101.6,7.62,7.06,8.81
BUSH_P0082,USDA Bushland,USDA Bushland,35.198279,-102.080425,130,0.4778,0.4113,0.0487,0.4222,0.5004,0.0829,50.93,26.2,30.91,2.2,7.46,1.5,183.8,65.6,97.3,7.28,7.83,7.37
BUSH_P0083,USDA Bushland,USDA Bushland,35.186167,-102.063652,112,0.5956,0.4445,0.0657,0.5033,0.6048,0.1562,55.17,31.47,26.03,1.84,7.15,1.46,165.8,40.8,110.4,7.55,8.3,8.62
BUSH_P0084,USDA Bushland,USDA Bushland,35.201559,-102.052024,113,0.6163,0.4406,0.0589,0.5218,0.6668,0.0703,56.66,33.01,27.24,1.53,7.89,1.41,169.4,55.8,110.1,7.95,8.48,8.53
BUSH_P0085,USDA Bushland,USDA Bushland,35.185897,-102.074147,122,0.5668,0.4571,0.0446,0.4882,0.6253,0.0176,63.66,37.56,24.15,2.17,7.32,1.39,154.2,30.4,112.6,6.91,8.83,8.03
BUSH_P0086,USDA Bushland,USDA Bushland,35.171194,-102.060417,121,0.5984,0.4737,0.0615,0.4963,0.6551,0.01,60.89,30.25,22.24,1.4,7.36,1.48,148.3,48.1,115.2,7.87,10.33,7.98
BUSH_P0087,USDA Bushland,USDA Bushland,35.14589,-102.067511,130,0.5669,0.4472,0.0638,0.4484,0.6219,0.0668,62.66,27.28,26.71,1.29,7.72,1.4,172.8,51.8,112.5,6.72,8.03,8.25
BUSH_P0088,USDA Bushland,USDA Bushland,35.164942,-102.041298,118,0.5512,0.4038,0.0542,0.5052,0.57,0.01,55.75,33.23,31.26,2.32,7.95,1.51,169.3,44.0,117.9,7.64,7.51,7.7
BUSH_P0089,USDA Bushland,USDA Bushland,35.167008,-102.07155,134,0.658,0.5326,0.0548,0.4554,0.6522,0.0664,56.19,36.03,21.73,1.64,7.04,1.48,153.9,35.7,119.5,7.97,8.69,8.01
BUSH_P0090,USDA Bushland,USDA Bushland,35.190198,-102.050343,123,0.5997,0.4519,0.0344,0.3477,0.628,0.0179,57.46,31.62,23.38,2.55,7.19,1.45,156.5,49.7,119.7,7.19,8.44,7.84
BUSH_P0091,USDA Bushland,USDA Bushland,35.175344,-102.04109,128,0.5402,0.4264,0.0466,0.4898,0.5459,0.1645,51.16,41.34,24.62,2.19,7.32,1.38,170.5,62.3,77.9,7.66,7.78,8.57
BUSH_P0092,USDA Bushland,USDA Bushland,35.16331,-102.067657,116,0.5281,0.4004,0.0634,0.3962,0.581,0.0451,53.41,40.52,27.58,1.61,7.14,1.48,153.6,48.8,107.8,7.21,8.8,8.03
BUSH_P0093,USDA Bushland,USDA Bushland,35.185429,-102.070829,125,0.5513,0.4388,0.0472,0.5307,0.6175,0.0177,59.68,32.75,26.05,2.02,7.59,1.53,175.3,54.5,93.9,7.63,7.75,8.15
BUSH_P0094,USDA Bushland,USDA Bushland,35.174018,-102.048159,131,0.5515,0.4003,0.0534,0.4235,0.5967,0.1343,58.69,33.65,28.61,2.94,7.11,1.43,154.1,59.0,117.7,6.5,8.16,8.24
BUSH_P0095,USDA Bushland,USDA Bushland,35.192557,-102.088718,129,0.5966,0.4778,0.0464,0.3573,0.6366,0.0205,67.37,37.79,33.38,2.14,7.7,1.41,173.8,69.8,77.6,7.46,8.27,8.34
BUSH_P0096,USDA Bushland,USDA Bushland,35.192259,-102.055541,114,0.6119,0.4937,0.0573,0.3915,0.6425,0.0256,63.34,32.69,21.62,2.06,7.52,1.45,152.7,41.6,122.6,7.56,7.71,7.79
BUSH_P0097,USDA Bushland,USDA Bushland,35.193529,-102.08563,119,0.6118,0.4801,0.0589,0.4779,0.6812,0.1258,70.62,30.19,27.24,1.53,7.68,1.47,152.8,42.4,94.6,7.94,7.28,7.9
BUSH_P0098,USDA Bushland,USDA Bushland,35.156301,-102.043664,127,0.5562,0.475,0.0592,0.4893,0.5413,0.0259,50.3,36.11,25.94,2.63,7.11,1.42,134.6,47.7,91.9,7.77,8.28,7.52
BUSH_P0099,USDA Bushland,USDA Bushland,35.187545,-102.065781,120,0.6314,0.4977,0.0436,0.4094,0.6352,0.037,65.06,34.63,24.59,2.39,7.24,1.49,167.6,54.9,109.3,7.34,9.2,8.88
BUSH_P0100,USDA Bushland,USDA Bushland,35.185543,-102.063362,116,0.6453,0.5263,0.0561,0.4264,0.7401,0.0299,69.71,30.17,27.23,1.54,7.6,1.55,191.8,31.4,100.5,7.51,9.12,9.14
BUSH_P0101,USDA Bushland,USDA Bushland,35.17234,-102.072864,123,0.5783,0.4534,0.0708,0.4796,0.5807,0.01,52.53,33.98,23.3,2.65,7.55,1.47,191.0,55.2,126.4,6.82,8.88,9.08
BUSH_P0102,USDA Bushland,USDA Bushland,35.161351,-102.085741,129,0.5436,0.4447,0.0625,0.5286,0.5995,0.01,54.19,32.44,25.95,1.87,7.27,1.43,174.9,51.2,121.4,8.06,7.73,7.68
BUSH_P0103,USDA Bushland,USDA Bushland,35.185696,-102.043012,127,0.5945,0.4254,0.0559,0.4195,0.6566,0.0903,53.79,31.65,18.63,1.42,7.31,1.47,140.0,45.7,98.9,7.68,8.49,7.57
BUSH_P0104,USDA Bushland,USDA Bushland,35.199769,-102.064566,120,0.6872,0.5368,0.0357,0.499,0.6694,0.0725,67.25,30.25,22.08,1.53,7.23,1.51,182.7,53.4,117.5,6.66,7.45,8.64
BUSH_P0105,USDA Bushland,USDA Bushland,35.156019,-102.013868,131,0.5424,0.3949,0.0525,0.3931,0.5303,0.0232,46.4,33.42,29.21,2.19,7.3,1.46,173.4,57.1,98.5,7.5,8.23,8.38
BUSH_P0106,USDA Bushland,USDA Bushland,35.17701,-102.074153,136,0.5663,0.4452,0.0715,0.4958,0.6443,0.0245,66.78,32.07,29.04,1.42,7.08,1.47,163.9,58.2,98.4,7.53,9.23,7.19
BUSH_P0107,USDA Bushland,USDA Bushland,35.188578,-102.0717,121,0.5926,0.4718,0.0682,0.5178,0.6034,0.203,57.32,34.0,25.67,1.3,7.03,1.49,188.1,50.1,113.6,7.09,9.18,8.41
BUSH_P0108,USDA Bushland,USDA Bushland,35.200499,-102.075459,127,0.6144,0.4994,0.0596,0.5062,0.626,0.3077,54.65,35.87,22.46,1.6,7.63,1.41,179.2,52.6,122.5,7.44,9.61,7.68
BUSH_P0109,USDA Bushland,USDA Bushland,35.183252,-102.064642,135,0.5006,0.4028,0.0478,0.5297,0.525,0.0449,46.49,33.81,28.21,1.67,7.29,1.47,199.4,52.3,99.7,7.05,8.75,8.04
BUSH_P0110,USDA Bushland,USDA Bushland,35.210172,-102.038372,111,0.6488,0.4976,0.0555,0.5264,0.6597,0.1135,63.99,33.87,30.06,1.5,7.67,1.38,148.9,59.8,100.6,6.84,8.66,8.39
BUSH_P0111,USDA Bushland,USDA Bushland,35.165456,-102.046848,132,0.6482,0.4867,0.0627,0.5723,0.7039,0.0934,61.0,31.11,22.64,1.6,7.52,1.42,150.1,53.0,108.6,7.15,9.0,8.52
BUSH_P0112,USDA Bushland,USDA Bushland,35.162797,-102.084568,110,0.5709,0.3867,0.0644,0.4854,0.5754,0.0247,57.31,37.11,17.95,2.21,7.44,1.51,152.6,55.2,94.3,7.47,8.64,8.47
BUSH_P0113,USDA Bushland,USDA Bushland,35.199213,-102.043938,132,0.7118,0.5569,0.0581,0.5725,0.6928,0.01,61.2,30.03,26.52,1.92,7.15,1.49,165.7,57.1,123.8,7.77,7.89,8.04
BUSH_P0114,USDA Bushland,USDA Bushland,35.158805,-102.051758,119,0.6452,0.5317,0.0636,0.4328,0.7199,0.0108,66.53,27.36,28.61,1.57,7.01,1.44,193.8,65.7,94.2,7.43,7.48,8.36
BUSH_P0115,USDA Bushland,USDA Bushland,35.192538,-102.054779,130,0.6429,0.5041,0.0544,0.4697,0.6489,0.1275,62.99,29.25,27.14,1.61,7.22,1.54,160.6,45.3,97.4,7.78,8.91,7.85
BUSH_P0116,USDA Bushland,USDA Bushland,35.183466,-102.072264,110,0.6434,0.4998,0.054,0.4742,0.6609,0.092,65.08,36.62,31.54,1.74,7.78,1.38,161.0,63.0,126.2,7.66,9.72,8.07
BUSH_P0117,USDA Bushland,USDA Bushland,35.176188,-102.071149,115,0.6421,0.5044,0.0504,0.4279,0.707,0.0764,70.67,34.61,31.56,1.77,7.6,1.44,176.3,69.8,107.6,6.99,9.04,8.57
BUSH_P0118,USDA Bushland,USDA Bushland,35.18188,-102.059944,116,0.589,0.4497,0.0592,0.362,0.6311,0.01,56.01,37.59,23.13,1.77,7.2,1.46,182.6,45.8,128.3,7.66,7.07,8.84
BUSH_P0119,USDA Bushland,USDA Bushland,35.171531,-102.070297,126,0.5846,0.4608,0.065,0.5235,0.6579,0.0715,62.08,28.37,25.4,2.2,7.23,1.31,136.4,48.3,102.4,7.67,8.01,7.67
BUSH_P0120,USDA Bushland,USDA Bushland,35.18318,-102.042311,118,0.5475,0.417,0.0621,0.4335,0.6129,0.1035,62.66,41.12,22.27,1.89,7.09,1.44,185.6,46.6,135.2,8.1,8.14,8.06
BUSH_P0121,USDA Bushland,USDA Bushland,35.187209,-102.070939,116,0.564,0.4175,0.0428,0.46,0.5904,0.1379,55.6,32.01,19.9,1.9,6.92,1.39,160.2,55.3,112.4,7.56,7.02,8.56
BUSH_P0122,USDA Bushland,USDA Bushland,35.182005,-102.091201,126,0.576,0.4474,0.0434,0.5592,0.6467,0.01,63.11,26.84,20.16,2.44,7.38,1.39,168.5,35.1,96.0,6.91,7.44,8.03
BUSH_P0123,USDA Bushland,USDA Bushland,35.179981,-102.081522,112,0.5929,0.4601,0.066,0.5086,0.638,0.0807,61.81,40.69,27.73,2.64,7.83,1.44,191.3,46.0,95.8,7.18,8.29,9.13
BUSH_P0124,USDA Bushland,USDA Bushland,35.19005,-102.080569,125,0.6619,0.5632,0.0568,0.567,0.684,0.01,70.22,28.41,25.86,1.25,7.84,1.36,166.8,47.8,87.5,6.66,8.57,8.05
BUSH_P0125,USDA Bushland,USDA Bushland,35.206915,-102.06595,114,0.4954,0.3663,0.0572,0.486,0.5441,0.0859,50.6,31.61,28.5,1.09,7.52,1.41,147.0,47.1,88.8,7.6,7.5,7.34
BUSH_P0126,USDA Bushland,USDA Bushland,35.183806,-102.058759,129,0.6505,0.5034,0.0569,0.5078,0.6512,0.0707,57.65,32.28,35.89,1.64,7.18,1.36,147.9,47.0,97.1,8.06,7.41,7.62
BUSH_P0127,USDA Bushland,USDA Bushland,35.19684,-102.061193,127,0.5445,0.4183,0.0725,0.468,0.6095,0.0112,55.12,34.55,26.75,2.15,6.94,1.46,169.6,46.1,93.1,6.44,9.04,8.55
BUSH_P0128,USDA Bushland,USDA Bushland,35.175406,-102.055086,110,0.5853,0.4453,0.0505,0.4376,0.6464,0.1017,62.72,30.23,20.95,1.97,7.64,1.46,165.0,56.2,74.1,8.08,8.08,7.93
BUSH_P0129,USDA Bushland,USDA Bushland,35.170991,-102.065784,113,0.5574,0.4476,0.0662,0.5076,0.601,0.01,52.2,36.64,29.16,2.27,7.48,1.43,170.9,54.3,115.1,7.6,8.09,7.73
BUSH_P0130,USDA Bushland,USDA Bushland,35.19244,-102.065254,132,0.6734,0.5812,0.0573,0.4582,0.6559,0.1226,61.06,35.64,20.87,1.62,7.26,1.5,164.0,63.6,114.3,6.97,7.99,8.44
MCEN_P0001,CIMMYT México Central,CIMMYT México Central,19.500963,-98.852806,115,0.6639,0.5175,0.0663,0.4949,0.6847,0.0329,68.32,22.47,46.81,2.45,6.35,1.33,212.0,70.3,114.3,7.84,10.38,11.14
MCEN_P0002,CIMMYT México Central,CIMMYT México Central,19.524184,-98.872499,111,0.733,0.5445,0.0546,0.4891,0.7969,0.0443,75.51,17.19,48.82,2.81,6.35,1.34,181.9,61.1,117.1,8.0,10.95,10.08
MCEN_P0003,CIMMYT México Central,CIMMYT México Central,19.534494,-98.878977,135,0.7656,0.6426,0.0342,0.4542,0.7624,0.039,73.24,24.03,42.84,2.73,6.32,1.29,202.2,62.5,118.1,8.08,9.33,11.13
MCEN_P0004,CIMMYT México Central,CIMMYT México Central,19.540093,-98.875058,133,0.8245,0.6346,0.0472,0.5149,0.9274,0.0506,87.52,24.07,47.96,3.53,6.75,1.39,162.5,79.9,145.1,8.62,11.45,11.06
MCEN_P0005,CIMMYT México Central,CIMMYT México Central,19.545718,-98.897347,114,0.8738,0.6878,0.0551,0.4803,0.9253,0.0611,78.97,24.39,46.33,2.89,6.21,1.39,150.5,60.5,118.1,8.61,10.53,10.2
MCEN_P0006,CIMMYT México Central,CIMMYT México Central,19.552331,-98.891147,120,0.6502,0.4895,0.0553,0.3758,0.725,0.0439,66.87,24.22,47.03,3.11,6.78,1.24,184.6,77.5,117.4,8.02,11.1,11.52
MCEN_P0007,CIMMYT México Central,CIMMYT México Central,19.548661,-98.887022,120,0.7139,0.5231,0.05,0.4746,0.7744,0.0846,74.07,22.18,41.13,3.97,6.98,1.28,164.0,63.0,143.2,7.7,10.94,10.82
MCEN_P0008,CIMMYT México Central,CIMMYT México Central,19.533299,-98.876174,133,0.664,0.5327,0.0213,0.4661,0.7051,0.0888,61.5,17.33,50.77,3.7,6.45,1.33,184.1,77.0,121.1,7.73,10.12,10.83
MCEN_P0009,CIMMYT México Central,CIMMYT México Central,19.544507,-98.888521,123,0.7089,0.5154,0.0495,0.5148,0.7326,0.0406,66.21,25.97,46.33,3.82,6.68,1.34,178.8,72.3,114.3,7.37,10.4,10.94
MCEN_P0010,CIMMYT México Central,CIMMYT México Central,19.533113,-98.889522,122,0.8315,0.6543,0.0657,0.6151,0.8496,0.0108,80.37,22.37,48.74,2.88,6.61,1.43,194.1,65.2,111.7,8.28,10.65,11.12
MCEN_P0011,CIMMYT México Central,CIMMYT México Central,19.539231,-98.898018,117,0.6831,0.5386,0.069,0.4989,0.7465,0.0716,70.5,23.88,43.25,1.95,6.58,1.33,169.0,53.9,108.0,7.88,11.52,10.61
MCEN_P0012,CIMMYT México Central,CIMMYT México Central,19.523808,-98.881623,124,0.719,0.5328,0.0489,0.586,0.7808,0.1038,76.34,21.85,49.42,3.02,5.98,1.31,191.4,71.2,131.5,8.07,9.8,11.35
MCEN_P0013,CIMMYT México Central,CIMMYT México Central,19.536545,-98.879517,121,0.6939,0.5088,0.0738,0.4457,0.7506,0.0711,71.09,29.36,43.1,2.55,6.38,1.26,198.0,69.5,103.3,8.03,10.2,9.99
MCEN_P0014,CIMMYT México Central,CIMMYT México Central,19.525321,-98.875572,112,0.6749,0.5071,0.0388,0.4489,0.7113,0.0621,69.54,20.51,40.99,2.33,7.11,1.24,181.9,71.3,141.2,7.62,9.38,10.75
MCEN_P0015,CIMMYT México Central,CIMMYT México Central,19.528917,-98.89244,130,0.8007,0.6088,0.0469,0.4677,0.8531,0.0182,79.44,20.38,52.97,3.71,6.79,1.31,192.2,72.3,123.9,7.57,10.75,10.99
MCEN_P0016,CIMMYT México Central,CIMMYT México Central,19.536583,-98.876438,132,0.6507,0.4693,0.0639,0.5013,0.678,0.0725,65.83,17.03,34.32,2.8,6.63,1.42,170.3,57.5,119.8,7.72,9.95,10.04
MCEN_P0017,CIMMYT México Central,CIMMYT México Central,19.556097,-98.897604,114,0.7163,0.5306,0.0623,0.448,0.7359,0.0285,75.79,22.9,58.45,2.84,6.13,1.31,179.3,71.1,122.3,8.09,10.13,9.68
MCEN_P0018,CIMMYT México Central,CIMMYT México Central,19.535737,-98.885286,115,0.724,0.5666,0.0549,0.3994,0.7556,0.1764,73.55,29.0,48.16,3.04,6.87,1.28,164.9,73.9,130.6,7.87,11.46,10.71
MCEN_P0019,CIMMYT México Central,CIMMYT México Central,19.53086,-98.877476,111,0.7185,0.6102,0.0438,0.4812,0.7515,0.0742,71.32,22.94,43.58,3.94,6.44,1.34,220.1,73.8,119.4,7.19,9.95,11.33
MCEN_P0020,CIMMYT México Central,CIMMYT México Central,19.521019,-98.885881,117,0.7058,0.5757,0.0438,0.4229,0.7897,0.0228,72.51,23.29,46.47,3.13,6.35,1.22,203.4,58.0,122.7,7.49,10.45,10.44
MCEN_P0021,CIMMYT México Central,CIMMYT México Central,19.541754,-98.905428,114,0.7926,0.6223,0.0477,0.5358,0.7917,0.0448,76.31,25.91,48.16,3.63,6.38,1.32,209.9,77.2,137.6,7.79,10.26,11.78
MCEN_P0022,CIMMYT México Central,CIMMYT México Central,19.526974,-98.903639,131,0.625,0.5157,0.0442,0.5122,0.664,0.1312,62.98,23.07,43.5,3.06,6.84,1.36,203.2,71.4,129.2,7.89,10.07,11.02
MCEN_P0023,CIMMYT México Central,CIMMYT México Central,19.53549,-98.878687,126,0.7396,0.6058,0.0563,0.442,0.7986,0.0286,78.63,26.7,54.16,2.49,6.68,1.27,175.1,72.4,110.0,8.11,12.37,10.9
MCEN_P0024,CIMMYT México Central,CIMMYT México Central,19.539423,-98.873305,135,0.7416,0.5709,0.0541,0.5028,0.8412,0.0522,74.38,27.22,51.64,2.66,6.94,1.39,162.0,60.8,116.5,7.92,9.52,9.69
MCEN_P0025,CIMMYT México Central,CIMMYT México Central,19.546169,-98.87691,111,0.7329,0.5781,0.0434,0.4526,0.7547,0.0797,71.79,20.42,57.27,3.2,7.02,1.35,178.6,74.1,103.6,7.75,10.91,11.18
MCEN_P0026,CIMMYT México Central,CIMMYT México Central,19.541108,-98.872944,120,0.6826,0.5569,0.0515,0.4774,0.6891,0.0983,67.62,17.49,39.5,3.25,6.49,1.39,192.1,54.2,132.4,7.74,11.95,10.41
MCEN_P0027,CIMMYT México Central,CIMMYT México Central,19.516319,-98.886208,113,0.7742,0.6318,0.0285,0.4779,0.8359,0.0134,80.7,24.91,45.97,3.44,6.69,1.25,180.6,61.2,133.7,7.98,11.34,11.82
MCEN_P0028,CIMMYT México Central,CIMMYT México Central,19.510394,-98.870923,120,0.772,0.6302,0.0584,0.4632,0.8169,0.0583,77.26,23.63,38.76,3.44,6.62,1.31,151.5,78.1,113.8,8.07,10.63,10.84
MCEN_P0029,CIMMYT México Central,CIMMYT México Central,19.539418,-98.876959,118,0.681,0.5055,0.0622,0.5215,0.7144,0.1703,67.37,18.84,40.09,3.61,6.32,1.37,196.2,73.7,152.7,7.77,9.66,10.87
MCEN_P0030,CIMMYT México Central,CIMMYT México Central,19.532032,-98.891592,115,0.6661,0.5489,0.0459,0.424,0.7192,0.2417,65.2,20.13,43.53,2.85,6.36,1.25,161.0,70.3,154.3,7.47,11.27,10.04
MCEN_P0031,CIMMYT México Central,CIMMYT México Central,19.535698,-98.874283,133,0.6574,0.5592,0.0471,0.5068,0.7233,0.0747,70.76,20.12,43.61,4.02,6.65,1.37,178.7,75.5,125.3,7.86,11.04,10.85
MCEN_P0032,CIMMYT México Central,CIMMYT México Central,19.551637,-98.877559,111,0.7301,0.6068,0.0576,0.4952,0.7923,0.288,77.54,23.02,46.66,4.06,6.68,1.31,211.2,76.1,115.4,7.64,9.56,11.24
MCEN_P0033,CIMMYT México Central,CIMMYT México Central,19.523601,-98.856913,135,0.7221,0.5361,0.0561,0.4098,0.7712,0.0592,69.09,25.99,44.5,2.97,6.68,1.37,185.7,74.1,128.3,8.02,10.31,10.08
MCEN_P0034,CIMMYT México Central,CIMMYT México Central,19.546497,-98.86131,124,0.7038,0.5155,0.0627,0.4403,0.7833,0.0409,77.87,26.19,48.6,2.84,6.69,1.33,201.1,66.3,115.1,8.49,9.76,10.5
MCEN_P0035,CIMMYT México Central,CIMMYT México Central,19.52372,-98.883385,114,0.8137,0.6463,0.0472,0.4253,0.8596,0.0561,80.23,25.27,46.44,2.4,6.47,1.39,190.2,61.0,136.4,7.36,8.82,11.15
MCEN_P0036,CIMMYT México Central,CIMMYT México Central,19.549783,-98.888265,137,0.6993,0.5823,0.0484,0.4617,0.7405,0.01,69.78,21.48,52.41,3.28,7.29,1.26,169.9,62.7,127.0,8.36,9.67,9.86
MCEN_P0037,CIMMYT México Central,CIMMYT México Central,19.540006,-98.858613,121,0.7284,0.5738,0.0528,0.4824,0.7899,0.036,82.31,30.27,48.73,3.4,6.76,1.34,195.9,79.3,127.9,8.09,10.62,11.5
MCEN_P0038,CIMMYT México Central,CIMMYT México Central,19.512914,-98.873727,122,0.7113,0.5489,0.0443,0.4336,0.7134,0.0429,74.1,22.62,39.69,2.94,6.54,1.24,184.1,57.8,146.1,8.34,10.79,10.39
MCEN_P0039,CIMMYT México Central,CIMMYT México Central,19.525993,-98.884612,126,0.8083,0.6283,0.0526,0.5285,0.8668,0.1322,78.15,21.14,44.35,3.33,6.81,1.34,162.7,71.9,117.6,7.73,10.48,11.11
MCEN_P0040,CIMMYT México Central,CIMMYT México Central,19.553988,-98.911836,113,0.6305,0.5173,0.0445,0.5329,0.6614,0.0995,59.01,17.72,44.65,2.58,6.46,1.34,160.2,71.9,118.1,7.32,11.22,10.02
MCEN_P0041,CIMMYT México Central,CIMMYT México Central,19.552482,-98.893332,119,0.7061,0.5427,0.0592,0.5417,0.7062,0.0644,64.11,21.28,46.98,3.64,6.71,1.31,190.7,79.7,135.3,7.97,11.07,11.11
MCEN_P0042,CIMMYT México Central,CIMMYT México Central,19.538251,-98.894375,110,0.7476,0.5952,0.0456,0.3441,0.8004,0.0299,82.39,24.04,49.84,2.96,6.81,1.28,217.1,71.9,119.9,8.46,10.49,11.05
MCEN_P0043,CIMMYT México Central,CIMMYT México Central,19.535251,-98.884196,120,0.71,0.5505,0.0575,0.5774,0.7362,0.0145,68.55,16.95,46.27,3.33,6.85,1.3,168.9,64.6,144.2,7.48,10.29,10.43
MCEN_P0044,CIMMYT México Central,CIMMYT México Central,19.533877,-98.872722,125,0.6613,0.4936,0.0696,0.4883,0.6529,0.0299,57.52,19.16,47.6,3.29,6.35,1.32,170.6,64.7,137.0,7.54,10.56,10.48
MCEN_P0045,CIMMYT México Central,CIMMYT México Central,19.536244,-98.870431,120,0.7279,0.5436,0.0593,0.4824,0.7418,0.0797,75.53,20.86,39.9,2.32,7.55,1.33,191.0,68.0,120.5,8.13,10.46,9.72
MCEN_P0046,CIMMYT México Central,CIMMYT México Central,19.52931,-98.859499,118,0.647,0.5178,0.0568,0.4749,0.7377,0.0214,72.9,19.79,42.93,3.58,7.03,1.42,165.3,77.1,103.3,7.7,9.53,9.97
MCEN_P0047,CIMMYT México Central,CIMMYT México Central,19.545532,-98.868029,111,0.7502,0.5175,0.0414,0.4139,0.7735,0.039,82.13,19.5,36.4,2.85,7.27,1.36,220.3,74.5,107.6,8.57,10.33,10.64
MCEN_P0048,CIMMYT México Central,CIMMYT México Central,19.537934,-98.901507,116,0.7014,0.5591,0.0689,0.498,0.7511,0.0342,74.18,26.44,46.99,3.29,6.63,1.29,172.0,59.3,119.2,8.16,10.92,10.6
MCEN_P0049,CIMMYT México Central,CIMMYT México Central,19.519416,-98.86655,128,0.6938,0.5369,0.0662,0.5606,0.7013,0.1015,67.21,16.72,48.79,2.57,6.77,1.35,177.5,70.2,129.9,7.61,11.25,10.8
MCEN_P0050,CIMMYT México Central,CIMMYT México Central,19.53886,-98.856,127,0.7671,0.622,0.0534,0.4877,0.8701,0.1507,84.41,23.11,39.06,2.98,6.71,1.36,172.9,74.6,138.2,7.67,11.32,10.77
MCEN_P0051,CIMMYT México Central,CIMMYT México Central,19.53298,-98.856743,129,0.6749,0.5414,0.0512,0.4242,0.7169,0.0841,67.24,24.32,45.71,3.36,6.55,1.29,199.0,66.1,122.4,7.69,10.64,11.54
MCEN_P0052,CIMMYT México Central,CIMMYT México Central,19.52725,-98.900193,116,0.6506,0.5086,0.0469,0.4037,0.6701,0.0293,68.9,20.81,44.54,2.71,6.91,1.36,217.4,50.7,114.3,7.88,11.29,10.66
MCEN_P0053,CIMMYT México Central,CIMMYT México Central,19.553782,-98.884866,132,0.679,0.503,0.0729,0.4653,0.7456,0.0397,76.33,21.71,52.6,2.74,6.45,1.25,174.5,66.4,123.3,8.02,10.75,9.97
MCEN_P0054,CIMMYT México Central,CIMMYT México Central,19.532245,-98.867585,118,0.8121,0.6081,0.0628,0.4428,0.9136,0.0108,82.17,22.36,40.98,3.26,6.9,1.29,198.0,56.1,125.2,7.99,10.72,11.75
MCEN_P0055,CIMMYT México Central,CIMMYT México Central,19.507518,-98.899375,121,0.6748,0.5102,0.0474,0.5151,0.7026,0.0129,70.75,24.72,49.13,3.12,6.56,1.25,165.4,54.9,140.7,7.45,11.36,10.03
MCEN_P0056,CIMMYT México Central,CIMMYT México Central,19.528104,-98.907874,112,0.7364,0.5961,0.066,0.5485,0.7553,0.0126,68.76,27.86,50.14,3.36,6.81,1.31,199.4,76.5,140.0,8.26,10.96,11.0
MCEN_P0057,CIMMYT México Central,CIMMYT México Central,19.542922,-98.877291,132,0.758,0.6354,0.0684,0.5035,0.8668,0.01,91.66,18.0,44.12,3.03,7.11,1.3,211.4,88.2,113.0,7.78,11.54,10.69
MCEN_P0058,CIMMYT México Central,CIMMYT México Central,19.519882,-98.892134,131,0.6777,0.5369,0.0548,0.4757,0.714,0.0139,73.86,19.29,46.32,3.49,6.66,1.3,206.8,78.9,130.4,7.53,9.65,10.26
MCEN_P0059,CIMMYT México Central,CIMMYT México Central,19.542514,-98.906472,135,0.6778,0.5139,0.0516,0.4734,0.7107,0.0159,64.24,19.47,49.85,2.94,6.92,1.36,187.0,47.1,114.8,7.71,9.85,10.54
MCEN_P0060,CIMMYT México Central,CIMMYT México Central,19.519028,-98.863557,125,0.7281,0.5558,0.0451,0.4836,0.7038,0.01,68.4,22.46,40.05,3.47,6.56,1.32,169.5,66.6,115.1,8.31,9.87,10.85
MCEN_P0061,CIMMYT México Central,CIMMYT México Central,19.54704,-98.879535,116,0.7301,0.5585,0.0621,0.422,0.7691,0.0716,77.31,21.1,43.08,2.79,6.37,1.36,185.0,63.3,137.5,7.98,10.63,11.23
MCEN_P0062,CIMMYT México Central,CIMMYT México Central,19.524129,-98.88981,132,0.7806,0.6349,0.0507,0.5101,0.78,0.32,72.69,24.83,45.84,2.93,7.17,1.4,180.3,56.2,122.6,8.01,11.72,10.23
MCEN_P0063,CIMMYT México Central,CIMMYT México Central,19.526779,-98.896455,135,0.6854,0.5231,0.0503,0.426,0.7086,0.1479,63.24,20.2,54.29,3.53,6.91,1.42,178.3,71.7,132.7,7.43,9.67,11.1
MCEN_P0064,CIMMYT México Central,CIMMYT México Central,19.525889,-98.879382,114,0.703,0.5473,0.0549,0.5358,0.6826,0.01,65.89,19.39,43.2,2.97,6.66,1.31,188.1,66.5,131.4,7.95,10.95,10.84
MCEN_P0065,CIMMYT México Central,CIMMYT México Central,19.538169,-98.874269,134,0.8477,0.6948,0.0468,0.4618,0.9248,0.0385,88.22,19.83,43.79,2.67,6.89,1.35,184.0,58.7,124.0,8.3,10.01,10.76
MCEN_P0066,CIMMYT México Central,CIMMYT México Central,19.553129,-98.877111,132,0.6393,0.4845,0.0703,0.5215,0.6353,0.1373,57.79,22.9,51.96,3.98,6.42,1.31,195.6,51.5,129.0,7.18,11.65,11.26
MCEN_P0067,CIMMYT México Central,CIMMYT México Central,19.531178,-98.904784,116,0.6301,0.5054,0.0647,0.4063,0.6119,0.0101,63.07,25.87,47.98,3.18,6.82,1.37,195.7,63.1,127.4,7.74,9.2,10.64
MCEN_P0068,CIMMYT México Central,CIMMYT México Central,19.530869,-98.874847,137,0.6578,0.5356,0.0558,0.5212,0.6705,0.1317,59.86,22.34,54.82,3.41,6.76,1.36,184.1,68.1,111.2,8.15,10.82,10.9
MCEN_P0069,CIMMYT México Central,CIMMYT México Central,19.524121,-98.871583,128,0.7696,0.6019,0.0465,0.5481,0.847,0.0629,80.93,20.55,49.92,2.18,6.88,1.29,191.5,67.1,130.8,7.96,11.23,11.36
MCEN_P0070,CIMMYT México Central,CIMMYT México Central,19.511472,-98.887151,126,0.7003,0.5951,0.047,0.4159,0.7269,0.1875,70.42,18.89,44.34,3.8,7.16,1.29,204.8,76.5,116.5,7.49,10.84,11.54
MCEN_P0071,CIMMYT México Central,CIMMYT México Central,19.525318,-98.866406,125,0.7003,0.5878,0.0466,0.4743,0.7309,0.1461,71.25,27.62,43.7,4.39,7.11,1.39,177.0,70.7,112.2,8.06,9.88,10.19
MCEN_P0072,CIMMYT México Central,CIMMYT México Central,19.515892,-98.894779,130,0.6766,0.5343,0.0427,0.4967,0.7309,0.0791,74.13,16.34,41.29,3.76,6.31,1.29,185.2,65.2,135.3,7.43,9.76,10.92
MCEN_P0073,CIMMYT México Central,CIMMYT México Central,19.508352,-98.862641,133,0.7613,0.5737,0.0582,0.4992,0.7968,0.0751,75.65,21.85,39.13,3.82,6.14,1.31,169.6,61.5,117.9,7.55,11.39,10.23
MCEN_P0074,CIMMYT México Central,CIMMYT México Central,19.530076,-98.880015,130,0.6585,0.4947,0.0486,0.463,0.7356,0.0168,61.51,25.09,46.53,3.02,6.77,1.35,192.2,53.8,138.3,7.59,11.14,10.53
MCEN_P0075,CIMMYT México Central,CIMMYT México Central,19.524489,-98.889443,135,0.6938,0.5465,0.048,0.4542,0.7266,0.01,68.4,21.8,47.82,3.31,6.75,1.31,188.0,59.3,138.2,8.52,11.11,10.64
MCEN_P0076,CIMMYT México Central,CIMMYT México Central,19.547519,-98.886777,128,0.6783,0.5019,0.0469,0.4927,0.7116,0.0376,70.86,20.52,48.36,3.42,6.38,1.4,191.9,78.9,119.3,7.23,11.16,10.37
MCEN_P0077,CIMMYT México Central,CIMMYT México Central,19.520733,-98.867011,134,0.5997,0.4745,0.065,0.4976,0.7077,0.0145,67.43,24.37,44.44,2.89,6.43,1.37,170.2,74.9,137.8,7.26,9.41,9.62
MCEN_P0078,CIMMYT México Central,CIMMYT México Central,19.539044,-98.878441,127,0.6985,0.587,0.0474,0.4486,0.7401,0.01,70.57,18.67,53.69,3.14,6.48,1.28,196.5,70.3,120.3,8.01,9.45,10.49
MCEN_P0079,CIMMYT México Central,CIMMYT México Central,19.53881,-98.872324,128,0.7173,0.5611,0.0677,0.4387,0.7643,0.0252,75.21,16.41,38.89,2.75,7.07,1.29,186.5,64.0,124.2,7.94,10.07,10.28
MCEN_P0080,CIMMYT México Central,CIMMYT México Central,19.547046,-98.86588,137,0.6851,0.5339,0.0521,0.5406,0.7188,0.1379,71.31,23.74,38.38,3.02,6.57,1.35,200.4,77.9,130.9,7.71,10.11,10.52
MCEN_P0081,CIMMYT México Central,CIMMYT México Central,19.528789,-98.88989,113,0.7079,0.5735,0.0425,0.4854,0.6751,0.01,58.56,19.02,41.31,3.58,6.28,1.32,178.4,59.9,149.5,7.91,9.97,10.55
MCEN_P0082,CIMMYT México Central,CIMMYT México Central,19.546829,-98.880091,135,0.7091,0.5662,0.0597,0.3664,0.7753,0.0242,74.36,22.96,45.03,2.41,6.68,1.22,195.2,60.0,136.3,7.47,10.71,10.63
MCEN_P0083,CIMMYT México Central,CIMMYT México Central,19.537731,-98.885367,110,0.714,0.5282,0.0639,0.5409,0.8038,0.0386,76.48,22.07,40.06,3.63,6.7,1.27,191.7,67.3,124.3,7.94,11.3,10.87
MCEN_P0084,CIMMYT México Central,CIMMYT México Central,19.544671,-98.866744,136,0.6726,0.5132,0.0464,0.4501,0.7502,0.05,72.29,23.41,51.06,2.49,6.41,1.33,207.9,50.5,126.2,7.98,10.29,10.98
MCEN_P0085,CIMMYT México Central,CIMMYT México Central,19.55973,-98.887737,113,0.67,0.5699,0.0556,0.4833,0.6932,0.014,59.66,21.71,41.67,3.22,6.87,1.36,183.3,59.7,106.0,8.39,9.85,10.42
MCEN_P0086,CIMMYT México Central,CIMMYT México Central,19.529521,-98.881283,113,0.7221,0.5714,0.0582,0.4987,0.7569,0.2331,77.29,24.43,40.87,3.26,7.02,1.37,176.7,66.1,137.1,8.66,11.02,10.92
MCEN_P0087,CIMMYT México Central,CIMMYT México Central,19.53305,-98.847564,118,0.6536,0.4846,0.056,0.4058,0.7041,0.0605,67.61,20.04,49.75,3.46,6.6,1.42,177.6,64.3,135.8,7.79,10.22,10.29
MCEN_P0088,CIMMYT México Central,CIMMYT México Central,19.526658,-98.862723,117,0.7104,0.5493,0.0504,0.4656,0.7598,0.0517,74.43,25.23,45.93,3.12,6.28,1.29,168.4,60.1,128.4,7.39,10.57,11.48
MCEN_P0089,CIMMYT México Central,CIMMYT México Central,19.549508,-98.897528,111,0.7936,0.5744,0.0638,0.5459,0.854,0.01,88.17,18.24,48.53,2.73,6.62,1.29,177.5,84.3,133.6,8.05,10.45,10.77
MCEN_P0090,CIMMYT México Central,CIMMYT México Central,19.562256,-98.86847,132,0.7183,0.5138,0.0525,0.5345,0.7643,0.0465,74.9,26.6,44.79,3.28,6.78,1.32,149.9,78.9,100.7,7.85,10.73,10.86
MCEN_P0091,CIMMYT México Central,CIMMYT México Central,19.53981,-98.871668,115,0.6378,0.522,0.0489,0.4655,0.667,0.1273,58.64,29.68,46.22,4.18,6.1,1.24,205.5,81.7,112.0,7.83,9.67,10.76
MCEN_P0092,CIMMYT México Central,CIMMYT México Central,19.511679,-98.89851,132,0.7281,0.5678,0.0373,0.5158,0.7722,0.0174,73.83,22.88,38.55,3.19,6.83,1.32,214.0,67.2,146.6,7.26,10.99,10.82
MCEN_P0093,CIMMYT México Central,CIMMYT México Central,19.520403,-98.883651,120,0.7568,0.6033,0.0374,0.5224,0.8268,0.0303,81.73,27.99,44.33,2.8,6.6,1.31,182.8,64.1,121.9,7.94,10.6,10.53
MCEN_P0094,CIMMYT México Central,CIMMYT México Central,19.544915,-98.896216,113,0.6842,0.5626,0.0572,0.5198,0.8117,0.01,78.12,28.9,40.28,2.99,6.71,1.36,191.6,80.8,134.1,8.07,10.1,11.74
MCEN_P0095,CIMMYT México Central,CIMMYT México Central,19.517268,-98.917889,123,0.7065,0.5596,0.0542,0.4227,0.7316,0.2638,76.21,21.38,53.79,3.27,6.62,1.37,187.5,68.7,116.0,8.3,10.79,10.52
MCEN_P0096,CIMMYT México Central,CIMMYT México Central,19.523794,-98.88419,130,0.6805,0.5491,0.0639,0.5621,0.7273,0.01,66.82,22.67,50.82,3.08,6.49,1.34,165.3,59.5,119.7,7.7,9.94,9.89
MCEN_P0097,CIMMYT México Central,CIMMYT México Central,19.523373,-98.889591,131,0.6992,0.5518,0.0663,0.4568,0.7283,0.1599,74.28,19.65,42.06,3.02,6.67,1.32,200.4,60.1,147.3,7.57,9.97,11.14
MCEN_P0098,CIMMYT México Central,CIMMYT México Central,19.530074,-98.898514,118,0.6901,0.5704,0.0525,0.4855,0.7393,0.0263,73.91,19.88,44.07,3.8,6.56,1.34,202.6,65.4,123.1,7.69,9.68,11.11
MCEN_P0099,CIMMYT México Central,CIMMYT México Central,19.534081,-98.882144,111,0.7396,0.6212,0.0645,0.4624,0.8089,0.062,77.96,23.32,44.28,3.43,6.6,1.28,169.4,67.8,131.3,8.27,9.48,10.67
MCEN_P0100,CIMMYT México Central,CIMMYT México Central,19.508327,-98.913809,136,0.7946,0.6248,0.0494,0.4915,0.8284,0.0796,80.68,16.77,54.69,3.15,6.45,1.32,189.9,68.7,126.6,8.45,10.97,10.68
MCEN_P0101,CIMMYT México Central,CIMMYT México Central,19.512671,-98.881381,134,0.7226,0.5675,0.0535,0.4368,0.7012,0.0106,63.89,25.42,46.78,3.15,6.85,1.32,181.1,66.5,128.0,8.35,11.15,10.59
MCEN_P0102,CIMMYT México Central,CIMMYT México Central,19.512957,-98.881769,135,0.6506,0.5155,0.0532,0.4687,0.7215,0.0411,68.19,23.09,43.07,3.28,7.05,1.32,202.8,86.7,127.5,8.16,10.14,11.13
MCEN_P0103,CIMMYT México Central,CIMMYT México Central,19.514392,-98.871819,110,0.8338,0.6477,0.0708,0.4891,0.8777,0.0276,86.28,24.88,45.66,3.45,6.46,1.31,183.8,57.2,101.3,7.89,10.19,11.49
MCEN_P0104,CIMMYT México Central,CIMMYT México Central,19.531192,-98.906048,113,0.7462,0.5721,0.0422,0.5412,0.776,0.01,73.97,21.86,38.08,3.78,6.67,1.29,184.2,73.4,130.7,7.95,9.35,10.76
MCEN_P0105,CIMMYT México Central,CIMMYT México Central,19.533335,-98.849909,121,0.7554,0.6154,0.0556,0.5352,0.7784,0.1254,74.94,24.85,44.67,3.01,6.39,1.27,212.3,64.2,118.5,8.01,9.12,10.57
MCEN_P0106,CIMMYT México Central,CIMMYT México Central,19.543158,-98.855663,114,0.7171,0.5494,0.048,0.5377,0.7665,0.01,77.05,23.37,40.14,2.75,6.81,1.31,165.7,67.7,146.4,7.8,10.98,8.54
MCEN_P0107,CIMMYT México Central,CIMMYT México Central,19.537659,-98.893598,118,0.7305,0.5584,0.052,0.5234,0.7496,0.0741,65.29,24.28,36.69,2.95,6.76,1.35,188.7,75.5,115.7,8.26,9.2,10.12
MCEN_P0108,CIMMYT México Central,CIMMYT México Central,19.524013,-98.860104,131,0.7046,0.5721,0.0516,0.5723,0.7272,0.0264,71.11,25.66,53.94,2.81,6.54,1.23,186.3,53.7,119.3,7.24,9.7,10.21
MCEN_P0109,CIMMYT México Central,CIMMYT México Central,19.533759,-98.869144,113,0.7607,0.6177,0.0557,0.4655,0.7632,0.0149,79.49,18.07,44.88,2.51,6.68,1.3,175.9,60.4,154.4,7.31,10.69,10.22
MCEN_P0110,CIMMYT México Central,CIMMYT México Central,19.543651,-98.888591,125,0.6985,0.6032,0.0685,0.4721,0.718,0.077,67.61,20.04,41.53,3.83,6.94,1.42,215.6,66.9,133.7,7.24,10.48,11.12
MCEN_P0111,CIMMYT México Central,CIMMYT México Central,19.528271,-98.891103,111,0.742,0.6093,0.074,0.4701,0.8009,0.0598,72.54,30.6,37.36,3.58,6.25,1.31,190.0,79.8,113.2,7.58,10.78,12.18
MCEN_P0112,CIMMYT México Central,CIMMYT México Central,19.527275,-98.889968,125,0.7636,0.6163,0.0616,0.4769,0.7622,0.0265,71.81,23.23,44.0,2.17,6.34,1.33,195.1,79.8,127.1,8.44,10.51,10.5
MCEN_P0113,CIMMYT México Central,CIMMYT México Central,19.519661,-98.839604,125,0.7761,0.6296,0.0452,0.4082,0.8506,0.0504,76.35,16.49,44.33,3.3,6.86,1.41,197.2,78.2,110.4,7.42,10.43,10.65
MCEN_P0114,CIMMYT México Central,CIMMYT México Central,19.521342,-98.861598,130,0.7664,0.5941,0.0533,0.4932,0.7711,0.0198,74.81,16.51,48.44,3.03,6.72,1.34,180.2,50.5,128.1,7.44,9.78,10.82
MCEN_P0115,CIMMYT México Central,CIMMYT México Central,19.539227,-98.885042,133,0.6739,0.5397,0.0576,0.5048,0.7184,0.1395,68.71,22.24,40.71,2.98,6.68,1.34,203.6,59.6,115.3,7.57,10.01,10.75
MCEN_P0116,CIMMYT México Central,CIMMYT México Central,19.530954,-98.883746,133,0.7908,0.632,0.0509,0.4671,0.8453,0.0264,82.27,20.67,42.6,2.08,6.96,1.27,200.6,59.9,147.4,8.34,10.47,10.14
MCEN_P0117,CIMMYT México Central,CIMMYT México Central,19.554501,-98.869288,131,0.7499,0.5714,0.0522,0.3921,0.8146,0.0197,77.75,19.68,40.84,3.19,6.9,1.34,183.2,67.6,130.1,8.47,9.37,10.87
MCEN_P0118,CIMMYT México Central,CIMMYT México Central,19.52288,-98.869945,120,0.7338,0.5711,0.0543,0.4811,0.7985,0.0976,77.34,28.78,44.02,3.23,7.18,1.32,199.1,53.2,131.3,8.31,10.06,11.13
MCEN_P0119,CIMMYT México Central,CIMMYT México Central,19.540136,-98.896353,110,0.7389,0.6002,0.0627,0.4153,0.7764,0.01,76.11,21.21,36.03,2.67,6.95,1.37,203.6,76.8,136.4,8.33,10.29,11.08
MCEN_P0120,CIMMYT México Central,CIMMYT México Central,19.535637,-98.877537,124,0.7129,0.5556,0.0603,0.5014,0.7477,0.0218,67.59,25.37,41.38,3.93,6.85,1.38,196.9,52.0,137.7,8.56,10.03,10.37
MCEN_P0121,CIMMYT México Central,CIMMYT México Central,19.529928,-98.890288,133,0.699,0.5605,0.0489,0.486,0.7569,0.0329,73.87,23.38,47.83,3.56,6.68,1.32,172.5,76.3,116.7,7.18,10.27,10.9
MCEN_P0122,CIMMYT México Central,CIMMYT México Central,19.525774,-98.879717,113,0.7034,0.5711,0.0609,0.4909,0.7518,0.1497,77.24,21.47,39.49,2.72,6.66,1.34,183.6,75.0,126.1,7.41,10.92,10.93
MCEN_P0123,CIMMYT México Central,CIMMYT México Central,19.538201,-98.88272,127,0.778,0.6281,0.0722,0.4269,0.8076,0.2103,74.16,18.5,49.5,3.66,6.7,1.23,192.1,59.2,119.7,7.62,11.1,11.92
MCEN_P0124,CIMMYT México Central,CIMMYT México Central,19.537512,-98.866735,126,0.7236,0.6077,0.0399,0.5431,0.7748,0.0882,75.46,25.19,48.93,2.99,6.76,1.21,188.8,78.1,150.1,7.94,11.51,10.16
MCEN_P0125,CIMMYT México Central,CIMMYT México Central,19.533424,-98.886024,116,0.7327,0.557,0.0506,0.4885,0.7677,0.0475,78.23,14.29,49.31,3.67,6.36,1.37,173.8,65.3,97.6,7.94,9.53,10.68
MCEN_P0126,CIMMYT México Central,CIMMYT México Central,19.536108,-98.880225,127,0.7227,0.6048,0.0499,0.4343,0.7447,0.0716,67.45,25.55,44.98,2.55,6.77,1.2,180.7,63.3,118.1,7.95,10.2,10.23
MCEN_P0127,CIMMYT México Central,CIMMYT México Central,19.531438,-98.910171,122,0.6899,0.55,0.0558,0.509,0.7186,0.0374,71.78,23.03,44.58,3.28,6.63,1.34,190.3,64.6,124.0,8.23,11.22,10.87
MCEN_P0128,CIMMYT México Central,CIMMYT México Central,19.511306,-98.877145,129,0.6234,0.5071,0.0368,0.4849,0.678,0.0248,64.31,24.67,46.44,2.65,6.8,1.31,162.4,65.3,126.6,7.13,9.22,9.71
MCEN_P0129,CIMMYT México Central,CIMMYT México Central,19.532012,-98.893678,129,0.7546,0.606,0.0686,0.5718,0.7667,0.2107,77.15,22.53,50.94,2.82,6.54,1.38,185.3,66.1,126.4,7.84,9.75,10.22
MCEN_P0130,CIMMYT México Central,CIMMYT México Central,19.527777,-98.904757,119,0.7498,0.601,0.0555,0.4524,0.823,0.01,76.12,18.18,50.53,2.33,6.52,1.32,195.4,66.2,124.4,8.01,10.21,10.63
